index,int8,hex,mV
0,106,6a,1.617481
1,97,61,1.480148
2,-98,9e,-1.495407
3,-78,b2,-1.190222
4,99,63,1.510666
5,93,5d,1.419111
6,93,5d,1.419111
7,-89,a7,-1.358074
8,-69,bb,-1.052889
9,95,5f,1.449629
10,82,52,1.251259
11,90,5a,1.373333
12,-79,b1,-1.205481
13,-60,c4,-0.915555
14,89,59,1.358074
15,72,48,1.098666
16,86,56,1.312296
17,-73,b7,-1.113926
18,-53,cb,-0.808741
19,90,5a,1.373333
20,63,3f,0.961333
21,86,56,1.312296
22,-62,c2,-0.946074
23,-44,d4,-0.671407
24,88,58,1.342814
25,55,37,0.839259
26,85,55,1.297037
27,-55,c9,-0.839259
28,-39,d9,-0.595111
29,83,53,1.266518
30,48,30,0.732444
31,78,4e,1.190222
32,-56,c8,-0.854518
33,-35,dd,-0.534074
34,81,51,1.236
35,41,29,0.625629
36,80,50,1.22074
37,-45,d3,-0.686666
38,-28,e4,-0.427259
39,81,51,1.236
40,35,23,0.534074
41,80,50,1.22074
42,-38,da,-0.579852
43,-22,ea,-0.335704
44,77,4d,1.174963
45,30,1e,0.457778
46,74,4a,1.129185
47,-40,d8,-0.61037
48,-20,ec,-0.305185
49,77,4d,1.174963
50,25,19,0.381481
51,76,4c,1.159703
52,-31,e1,-0.473037
53,-14,f2,-0.21363
54,77,4d,1.174963
55,21,15,0.320444
56,76,4c,1.159703
57,-27,e5,-0.412
58,-11,f5,-0.167852
59,73,49,1.113926
60,17,11,0.259407
61,70,46,1.068148
62,-31,e1,-0.473037
63,-11,f5,-0.167852
64,72,48,1.098666
65,13,0d,0.19837
66,73,49,1.113926
67,-21,eb,-0.320444
68,-5,fb,-0.076296
69,72,48,1.098666
70,10,0a,0.152593
71,74,4a,1.129185
72,-17,ef,-0.259407
73,-2,fe,-0.030519
74,71,47,1.083407
75,7,07,0.106815
76,67,43,1.02237
77,-23,e9,-0.350963
78,-4,fc,-0.061037
79,68,44,1.037629
80,4,04,0.061037
81,72,48,1.098666
82,-14,f2,-0.21363
83,1,01,0.015259
84,69,45,1.052889
85,2,02,0.030519
86,72,48,1.098666
87,-11,f5,-0.167852
88,2,02,0.030519
89,67,43,1.02237
90,0,00,0
91,67,43,1.02237
92,-16,f0,-0.244148
93,1,01,0.015259
94,66,42,1.007111
95,-2,fe,-0.030519
96,70,46,1.068148
97,-9,f7,-0.137333
98,5,05,0.076296
99,66,42,1.007111
100,-3,fd,-0.045778
101,71,47,1.083407
102,-8,f8,-0.122074
103,1,01,0.015259
104,57,39,0.869778
105,-5,fb,-0.076296
106,66,42,1.007111
107,-10,f6,-0.152593
108,5,05,0.076296
109,64,40,0.976592
110,-7,f9,-0.106815
111,68,44,1.037629
112,-6,fa,-0.091556
113,8,08,0.122074
114,64,40,0.976592
115,-8,f8,-0.122074
116,68,44,1.037629
117,-8,f8,-0.122074
118,0,00,0
119,47,2f,0.717185
120,-9,f7,-0.137333
121,76,4c,1.159703
122,15,0f,0.228889
123,6,06,0.091556
124,59,3b,0.900296
125,-10,f6,-0.152593
126,72,48,1.098666
127,2,02,0.030519
128,9,09,0.137333
129,62,3e,0.946074
130,-11,f5,-0.167852
131,72,48,1.098666
132,2,02,0.030519
133,6,06,0.091556
134,53,35,0.808741
135,-11,f5,-0.167852
136,60,3c,0.915555
137,-9,f7,-0.137333
138,10,0a,0.152593
139,63,3f,0.961333
140,-12,f4,-0.183111
141,64,40,0.976592
142,-4,fc,-0.061037
143,12,0c,0.183111
144,63,3f,0.961333
145,-13,f3,-0.19837
146,74,4a,1.129185
147,12,0c,0.183111
148,-8,f8,-0.122074
149,22,16,0.335704
150,-14,f2,-0.21363
151,-1,ff,-0.015259
152,-8,f8,-0.122074
153,-13,f3,-0.19837
154,-99,9d,-1.510666
155,-108,94,-1.648
156,-108,94,-1.648
157,-16,f0,-0.244148
158,-22,ea,-0.335704
159,-104,98,-1.586962
160,-108,94,-1.648
161,-108,94,-1.648
162,-22,ea,-0.335704
163,-29,e3,-0.442518
164,-8,f8,-0.122074
165,-63,c1,-0.961333
166,-99,9d,-1.510666
167,-21,eb,-0.320444
168,-33,df,-0.503555
169,13,0d,0.19837
170,4,04,0.061037
171,-12,f4,-0.183111
172,-19,ed,-0.289926
173,-32,e0,-0.488296
174,58,3a,0.885037
175,2,02,0.030519
176,23,17,0.350963
177,-17,ef,-0.259407
178,-20,ec,-0.305185
179,60,3c,0.915555
180,0,00,0
181,-6,fa,-0.091556
182,-14,f2,-0.21363
183,-30,e2,-0.457778
184,-92,a4,-1.403851
185,-84,ac,-1.281777
186,-79,b1,-1.205481
187,-17,ef,-0.259407
188,-33,df,-0.503555
189,-67,bd,-1.02237
190,-47,d1,-0.717185
191,-12,f4,-0.183111
192,-20,ec,-0.305185
193,-32,e0,-0.488296
194,-45,d3,-0.686666
195,-22,ea,-0.335704
196,14,0e,0.21363
197,-21,eb,-0.320444
198,-1,ff,-0.015259
199,-12,f4,-0.183111
200,2,02,0.030519
201,32,20,0.488296
202,-21,eb,-0.320444
203,-5,fb,-0.076296
204,-15,f1,-0.228889
205,-7,f9,-0.106815
206,2,02,0.030519
207,-21,eb,-0.320444
208,-20,ec,-0.305185
209,-38,da,-0.579852
210,-27,e5,-0.412
211,-6,fa,-0.091556
212,-22,ea,-0.335704
213,-9,f7,-0.137333
214,68,44,1.037629
215,2,02,0.030519
216,81,51,1.236
217,36,24,0.549333
218,1,01,0.015259
219,51,33,0.778222
220,1,01,0.015259
221,79,4f,1.205481
222,108,6c,1.648
223,108,6c,1.648
224,67,43,1.02237
225,-22,ea,-0.335704
226,23,17,0.350963
227,104,68,1.586962
228,81,51,1.236
229,-33,df,-0.503555
230,-95,a1,-1.449629
231,-34,de,-0.518815
232,57,39,0.869778
233,52,34,0.793481
234,-38,da,-0.579852
235,-87,a9,-1.327555
236,-27,e5,-0.412
237,57,39,0.869778
238,56,38,0.854518
239,-25,e7,-0.381481
240,-73,b7,-1.113926
241,-20,ec,-0.305185
242,55,37,0.839259
243,50,32,0.762963
244,-24,e8,-0.366222
245,-66,be,-1.007111
246,-18,ee,-0.274667
247,50,32,0.762963
248,45,2d,0.686666
249,-22,ea,-0.335704
250,-60,c4,-0.915555
251,-16,f0,-0.244148
252,45,2d,0.686666
253,43,2b,0.656148
254,-19,ed,-0.289926
255,-54,ca,-0.824
256,-15,f1,-0.228889
257,40,28,0.61037
258,36,24,0.549333
259,-19,ed,-0.289926
260,-48,d0,-0.732444
261,-14,f2,-0.21363
262,37,25,0.564592
263,58,3a,0.885037
264,47,2f,0.717185
265,49,31,0.747703
266,86,56,1.312296
267,108,6c,1.648
268,108,6c,1.648
269,68,44,1.037629
270,36,24,0.549333
271,44,2c,0.671407
272,58,3a,0.885037
273,43,2b,0.656148
274,4,04,0.061037
275,-18,ee,-0.274667
276,-4,fc,-0.061037
277,14,0e,0.21363
278,8,08,0.122074
279,-20,ec,-0.305185
280,-38,da,-0.579852
281,-22,ea,-0.335704
282,-1,ff,-0.015259
283,-2,fe,-0.030519
284,-27,e5,-0.412
285,-41,d7,-0.625629
286,-27,e5,-0.412
287,-10,f6,-0.152593
288,-15,f1,-0.228889
289,-35,dd,-0.534074
290,-44,d4,-0.671407
291,-28,e4,-0.427259
292,-10,f6,-0.152593
293,-10,f6,-0.152593
294,-26,e6,-0.396741
295,-32,e0,-0.488296
296,-18,ee,-0.274667
297,-1,ff,-0.015259
298,0,00,0
299,-14,f2,-0.21363
300,-20,ec,-0.305185
301,-6,fa,-0.091556
302,7,07,0.106815
303,8,08,0.122074
304,-2,fe,-0.030519
305,-5,fb,-0.076296
306,3,03,0.045778
307,9,09,0.137333
308,4,04,0.061037
309,-10,f6,-0.152593
310,-17,ef,-0.259407
311,-7,f9,-0.106815
312,1,01,0.015259
313,0,00,0
314,-10,f6,-0.152593
315,-15,f1,-0.228889
316,-8,f8,-0.122074
317,-3,fd,-0.045778
318,-7,f9,-0.106815
319,-19,ed,-0.289926
320,-24,e8,-0.366222
321,-17,ef,-0.259407
322,-10,f6,-0.152593
323,-12,f4,-0.183111
324,-22,ea,-0.335704
325,-26,e6,-0.396741
326,-17,ef,-0.259407
327,-9,f7,-0.137333
328,-9,f7,-0.137333
329,-20,ec,-0.305185
330,-25,e7,-0.381481
331,-20,ec,-0.305185
332,-13,f3,-0.19837
333,-14,f2,-0.21363
334,-23,e9,-0.350963
335,-27,e5,-0.412
336,-19,ed,-0.289926
337,-13,f3,-0.19837
338,-14,f2,-0.21363
339,-23,e9,-0.350963
340,-27,e5,-0.412
341,-21,eb,-0.320444
342,-14,f2,-0.21363
343,-11,f5,-0.167852
344,-12,f4,-0.183111
345,-10,f6,-0.152593
346,7,07,0.106815
347,29,1d,0.442518
348,44,2c,0.671407
349,46,2e,0.701926
350,47,2f,0.717185
351,53,35,0.808741
352,56,38,0.854518
353,54,36,0.824
354,48,30,0.732444
355,58,3a,0.885037
356,79,4f,1.205481
357,92,5c,1.403851
358,96,60,1.464888
359,83,53,1.266518
360,68,44,1.037629
361,58,3a,0.885037
362,51,33,0.778222
363,50,32,0.762963
364,62,3e,0.946074
365,86,56,1.312296
366,100,64,1.525925
367,108,6c,1.648
368,108,6c,1.648
369,103,67,1.571703
370,78,4e,1.190222
371,14,0e,0.21363
372,-50,ce,-0.762963
373,-92,a4,-1.403851
374,-108,94,-1.648
375,-108,94,-1.648
376,-108,94,-1.648
377,-94,a2,-1.43437
378,-93,a3,-1.419111
379,-108,94,-1.648
380,-108,94,-1.648
381,-108,94,-1.648
382,-96,a0,-1.464888
383,-91,a5,-1.388592
384,-97,9f,-1.480148
385,-93,a3,-1.419111
386,-64,c0,-0.976592
387,-29,e3,-0.442518
388,-16,f0,-0.244148
389,-23,e9,-0.350963
390,-30,e2,-0.457778
391,-14,f2,-0.21363
392,6,06,0.091556
393,9,09,0.137333
394,-5,fb,-0.076296
395,-14,f2,-0.21363
396,-5,fb,-0.076296
397,9,09,0.137333
398,10,0a,0.152593
399,-4,fc,-0.061037
400,-14,f2,-0.21363
401,-6,fa,-0.091556
402,7,07,0.106815
403,7,07,0.106815
404,-14,f2,-0.21363
405,-20,ec,-0.305185
406,-10,f6,-0.152593
407,6,06,0.091556
408,9,09,0.137333
409,-2,fe,-0.030519
410,-71,b9,-1.083407
411,-95,a1,-1.449629
412,-75,b5,-1.144444
413,-48,d0,-0.732444
414,-26,e6,-0.396741
415,-1,ff,-0.015259
416,26,1a,0.396741
417,46,2e,0.701926
418,50,32,0.762963
419,37,25,0.564592
420,29,1d,0.442518
421,30,1e,0.457778
422,32,20,0.488296
423,24,18,0.366222
424,10,0a,0.152593
425,3,03,0.045778
426,7,07,0.106815
427,12,0c,0.183111
428,8,08,0.122074
429,-1,ff,-0.015259
430,-5,fb,-0.076296
431,0,00,0
432,6,06,0.091556
433,4,04,0.061037
434,-4,fc,-0.061037
435,-7,f9,-0.106815
436,-2,fe,-0.030519
437,3,03,0.045778
438,1,01,0.015259
439,-5,fb,-0.076296
440,-7,f9,-0.106815
441,-2,fe,-0.030519
442,3,03,0.045778
443,1,01,0.015259
444,-4,fc,-0.061037
445,-7,f9,-0.106815
446,-2,fe,-0.030519
447,2,02,0.030519
448,2,02,0.030519
449,-4,fc,-0.061037
450,-6,fa,-0.091556
451,-3,fd,-0.045778
452,0,00,0
453,10,0a,0.152593
454,26,1a,0.396741
455,34,22,0.518815
456,23,17,0.350963
457,1,01,0.015259
458,-8,f8,-0.122074
459,-5,fb,-0.076296
460,1,01,0.015259
461,-1,ff,-0.015259
462,-11,f5,-0.167852
463,-9,f7,-0.137333
464,-2,fe,-0.030519
465,3,03,0.045778
466,-1,ff,-0.015259
467,-12,f4,-0.183111
468,-13,f3,-0.19837
469,-5,fb,-0.076296
470,2,02,0.030519
471,0,00,0
472,-9,f7,-0.137333
473,-9,f7,-0.137333
474,-2,fe,-0.030519
475,2,02,0.030519
476,-1,ff,-0.015259
477,-11,f5,-0.167852
478,-14,f2,-0.21363
479,-12,f4,-0.183111
480,-11,f5,-0.167852
481,-15,f1,-0.228889
482,-23,e9,-0.350963
483,-20,ec,-0.305185
484,-10,f6,-0.152593
485,-1,ff,-0.015259
486,0,00,0
487,-4,fc,-0.061037
488,-3,fd,-0.045778
489,1,01,0.015259
490,3,03,0.045778
491,0,00,0
492,-6,fa,-0.091556
493,-4,fc,-0.061037
494,0,00,0
495,2,02,0.030519
496,0,00,0
497,-5,fb,-0.076296
498,-6,fa,-0.091556
499,-2,fe,-0.030519
500,0,00,0
501,-2,fe,-0.030519
502,-8,f8,-0.122074
503,-8,f8,-0.122074
504,-5,fb,-0.076296
505,0,00,0
506,0,00,0
507,-2,fe,-0.030519
508,3,03,0.045778
509,9,09,0.137333
510,15,0f,0.228889
511,17,11,0.259407
512,12,0c,0.183111
513,12,0c,0.183111
514,13,0d,0.19837
515,12,0c,0.183111
516,7,07,0.106815
517,0,00,0
518,0,00,0
519,4,04,0.061037
520,5,05,0.076296
521,3,03,0.045778
522,-2,fe,-0.030519
523,-1,ff,-0.015259
524,2,02,0.030519
525,5,05,0.076296
526,5,05,0.076296
527,0,00,0
528,0,00,0
529,0,00,0
530,0,00,0
531,-1,ff,-0.015259
532,-6,fa,-0.091556
533,-7,f9,-0.106815
534,-6,fa,-0.091556
535,-5,fb,-0.076296
536,-7,f9,-0.106815
537,-11,f5,-0.167852
538,-10,f6,-0.152593
539,-9,f7,-0.137333
540,-9,f7,-0.137333
541,-9,f7,-0.137333
542,-12,f4,-0.183111
543,-10,f6,-0.152593
544,-6,fa,-0.091556
545,-2,fe,-0.030519
546,-1,ff,-0.015259
547,-3,fd,-0.045778
548,-2,fe,-0.030519
549,0,00,0
550,1,01,0.015259
551,1,01,0.015259
552,-1,ff,-0.015259
553,1,01,0.015259
554,2,02,0.030519
555,3,03,0.045778
556,2,02,0.030519
557,0,00,0
558,1,01,0.015259
559,1,01,0.015259
560,1,01,0.015259
561,0,00,0
562,-2,fe,-0.030519
563,-3,fd,-0.045778
564,-3,fd,-0.045778
565,-4,fc,-0.061037
566,-5,fb,-0.076296
567,-8,f8,-0.122074
568,-5,fb,-0.076296
569,-3,fd,-0.045778
570,-3,fd,-0.045778
571,-3,fd,-0.045778
572,-5,fb,-0.076296
573,-4,fc,-0.061037
574,-3,fd,-0.045778
575,-2,fe,-0.030519
576,-2,fe,-0.030519
577,-4,fc,-0.061037
578,-3,fd,-0.045778
579,-1,ff,-0.015259
580,-1,ff,-0.015259
581,-2,fe,-0.030519
582,-4,fc,-0.061037
583,-2,fe,-0.030519
584,-3,fd,-0.045778
585,-3,fd,-0.045778
586,-3,fd,-0.045778
587,-4,fc,-0.061037
588,-2,fe,-0.030519
589,0,00,0
590,2,02,0.030519
591,6,06,0.091556
592,8,08,0.122074
593,11,0b,0.167852
594,11,0b,0.167852
595,7,07,0.106815
596,2,02,0.030519
597,-4,fc,-0.061037
598,-9,f7,-0.137333
599,-16,f0,-0.244148
600,-22,ea,-0.335704
601,-21,eb,-0.320444
602,-18,ee,-0.274667
603,-10,f6,-0.152593
604,-4,fc,-0.061037
605,1,01,0.015259
606,5,05,0.076296
607,6,06,0.091556
608,7,07,0.106815
609,7,07,0.106815
610,6,06,0.091556
611,6,06,0.091556
612,3,03,0.045778
613,5,05,0.076296
614,2,02,0.030519
615,1,01,0.015259
616,1,01,0.015259
617,-1,ff,-0.015259
618,0,00,0
619,-1,ff,-0.015259
620,-1,ff,-0.015259
621,-1,ff,-0.015259
622,-2,fe,-0.030519
623,0,00,0
624,0,00,0
625,0,00,0
626,0,00,0
627,-2,fe,-0.030519
628,0,00,0
629,1,01,0.015259
630,1,01,0.015259
631,2,02,0.030519
632,1,01,0.015259
633,2,02,0.030519
634,2,02,0.030519
635,1,01,0.015259
636,1,01,0.015259
637,0,00,0
638,0,00,0
639,-1,ff,-0.015259
640,-2,fe,-0.030519
641,-3,fd,-0.045778
642,-5,fb,-0.076296
643,-3,fd,-0.045778
644,-5,fb,-0.076296
645,-5,fb,-0.076296
646,-5,fb,-0.076296
647,-6,fa,-0.091556
648,-4,fc,-0.061037
649,-4,fc,-0.061037
650,-4,fc,-0.061037
651,-3,fd,-0.045778
652,-4,fc,-0.061037
653,-3,fd,-0.045778
654,-3,fd,-0.045778
655,-3,fd,-0.045778
656,-2,fe,-0.030519
657,-3,fd,-0.045778
658,-3,fd,-0.045778
659,-4,fc,-0.061037
660,-4,fc,-0.061037
661,-3,fd,-0.045778
662,-3,fd,-0.045778
663,-2,fe,-0.030519
664,-2,fe,-0.030519
665,-2,fe,-0.030519
666,-2,fe,-0.030519
667,-3,fd,-0.045778
668,-2,fe,-0.030519
669,-2,fe,-0.030519
670,-1,ff,-0.015259
671,-1,ff,-0.015259
672,-2,fe,-0.030519
673,0,00,0
674,0,00,0
675,-2,fe,-0.030519
676,-1,ff,-0.015259
677,-1,ff,-0.015259
678,0,00,0
679,0,00,0
680,0,00,0
681,0,00,0
682,-1,ff,-0.015259
683,0,00,0
684,0,00,0
685,-1,ff,-0.015259
686,-1,ff,-0.015259
687,-3,fd,-0.045778
688,-1,ff,-0.015259
689,-1,ff,-0.015259
690,-1,ff,-0.015259
691,0,00,0
692,-1,ff,-0.015259
693,-1,ff,-0.015259
694,-1,ff,-0.015259
695,-1,ff,-0.015259
696,0,00,0
697,-2,fe,-0.030519
698,-1,ff,-0.015259
699,-1,ff,-0.015259
700,0,00,0
701,0,00,0
702,0,00,0
703,1,01,0.015259
704,0,00,0
705,0,00,0
706,2,02,0.030519
707,1,01,0.015259
708,1,01,0.015259
709,0,00,0
710,0,00,0
711,-2,fe,-0.030519
712,-3,fd,-0.045778
713,-2,fe,-0.030519
714,-2,fe,-0.030519
715,-2,fe,-0.030519
716,-1,ff,-0.015259
717,-2,fe,-0.030519
718,-1,ff,-0.015259
719,-2,fe,-0.030519
720,-2,fe,-0.030519
721,-1,ff,-0.015259
722,-2,fe,-0.030519
723,0,00,0
724,0,00,0
725,0,00,0
726,0,00,0
727,-2,fe,-0.030519
728,-2,fe,-0.030519
729,-2,fe,-0.030519
730,-1,ff,-0.015259
731,0,00,0
732,0,00,0
733,1,01,0.015259
734,0,00,0
735,-2,fe,-0.030519
736,-3,fd,-0.045778
737,-4,fc,-0.061037
738,-2,fe,-0.030519
739,-3,fd,-0.045778
740,-4,fc,-0.061037
741,-4,fc,-0.061037
742,-4,fc,-0.061037
743,-3,fd,-0.045778
744,-2,fe,-0.030519
745,-2,fe,-0.030519
746,-2,fe,-0.030519
747,-3,fd,-0.045778
748,-1,ff,-0.015259
749,-3,fd,-0.045778
750,-2,fe,-0.030519
751,-1,ff,-0.015259
752,-2,fe,-0.030519
753,0,00,0
754,0,00,0
755,0,00,0
756,2,02,0.030519
757,4,04,0.061037
758,7,07,0.106815
759,8,08,0.122074
760,7,07,0.106815
761,4,04,0.061037
762,-1,ff,-0.015259
763,-5,fb,-0.076296
764,-13,f3,-0.19837
765,-20,ec,-0.305185
766,-22,ea,-0.335704
767,-22,ea,-0.335704
768,-16,f0,-0.244148
769,-10,f6,-0.152593
770,-3,fd,-0.045778
771,2,02,0.030519
772,4,04,0.061037
773,6,06,0.091556
774,7,07,0.106815
775,7,07,0.106815
776,7,07,0.106815
777,4,04,0.061037
778,4,04,0.061037
779,2,02,0.030519
780,1,01,0.015259
781,0,00,0
782,-1,ff,-0.015259
783,-1,ff,-0.015259
784,-1,ff,-0.015259
785,-1,ff,-0.015259
786,0,00,0
787,-2,fe,-0.030519
788,-1,ff,-0.015259
789,-1,ff,-0.015259
790,-1,ff,-0.015259
791,0,00,0
792,-1,ff,-0.015259
793,0,00,0
794,-1,ff,-0.015259
795,-1,ff,-0.015259
796,0,00,0
797,0,00,0
798,1,01,0.015259
799,0,00,0
800,0,00,0
801,0,00,0
802,-1,ff,-0.015259
803,0,00,0
804,0,00,0
805,0,00,0
806,-1,ff,-0.015259
807,-3,fd,-0.045778
808,-1,ff,-0.015259
809,-3,fd,-0.045778
810,-4,fc,-0.061037
811,-4,fc,-0.061037
812,-5,fb,-0.076296
813,-4,fc,-0.061037
814,-3,fd,-0.045778
815,-3,fd,-0.045778
816,-2,fe,-0.030519
817,-4,fc,-0.061037
818,-4,fc,-0.061037
819,-4,fc,-0.061037
820,-4,fc,-0.061037
821,-3,fd,-0.045778
822,-5,fb,-0.076296
823,-3,fd,-0.045778
824,-4,fc,-0.061037
825,-4,fc,-0.061037
826,-3,fd,-0.045778
827,-5,fb,-0.076296
828,-4,fc,-0.061037
829,-4,fc,-0.061037
830,-3,fd,-0.045778
831,-2,fe,-0.030519
832,-3,fd,-0.045778
833,-2,fe,-0.030519
834,-2,fe,-0.030519
835,-1,ff,-0.015259
836,0,00,0
837,-1,ff,-0.015259
838,0,00,0
839,0,00,0
840,1,01,0.015259
841,2,02,0.030519
842,1,01,0.015259
843,2,02,0.030519
844,2,02,0.030519
845,2,02,0.030519
846,2,02,0.030519
847,0,00,0
848,0,00,0
849,0,00,0
850,0,00,0
851,0,00,0
852,-1,ff,-0.015259
853,1,01,0.015259
854,0,00,0
855,0,00,0
856,0,00,0
857,-1,ff,-0.015259
858,0,00,0
859,0,00,0
860,0,00,0
861,0,00,0
862,-2,fe,-0.030519
863,-1,ff,-0.015259
864,-1,ff,-0.015259
865,-2,fe,-0.030519
866,-1,ff,-0.015259
867,-2,fe,-0.030519
868,0,00,0
869,-1,ff,-0.015259
870,-2,fe,-0.030519
871,-2,fe,-0.030519
872,-3,fd,-0.045778
873,-2,fe,-0.030519
874,-2,fe,-0.030519
875,-1,ff,-0.015259
876,0,00,0
877,-2,fe,-0.030519
878,-2,fe,-0.030519
879,-2,fe,-0.030519
880,-2,fe,-0.030519
881,-1,ff,-0.015259
882,-2,fe,-0.030519
883,0,00,0
884,-1,ff,-0.015259
885,-1,ff,-0.015259
886,-1,ff,-0.015259
887,-2,fe,-0.030519
888,-2,fe,-0.030519
889,-2,fe,-0.030519
890,-1,ff,-0.015259
891,-1,ff,-0.015259
892,-1,ff,-0.015259
893,0,00,0
894,0,00,0
895,-1,ff,-0.015259
896,-1,ff,-0.015259
897,-3,fd,-0.045778
898,-1,ff,-0.015259
899,-3,fd,-0.045778
900,-3,fd,-0.045778
901,-3,fd,-0.045778
902,-4,fc,-0.061037
903,-3,fd,-0.045778
904,-3,fd,-0.045778
905,-2,fe,-0.030519
906,-1,ff,-0.015259
907,-2,fe,-0.030519
908,-1,ff,-0.015259
909,0,00,0
910,0,00,0
911,-1,ff,-0.015259
912,-2,fe,-0.030519
913,0,00,0
914,0,00,0
915,0,00,0
916,1,01,0.015259
917,1,01,0.015259
918,4,04,0.061037
919,4,04,0.061037
920,3,03,0.045778
921,1,01,0.015259
922,-2,fe,-0.030519
923,-5,fb,-0.076296
924,-10,f6,-0.152593
925,-16,f0,-0.244148
926,-19,ed,-0.289926
927,-20,ec,-0.305185
928,-15,f1,-0.228889
929,-11,f5,-0.167852
930,-4,fc,-0.061037
931,1,01,0.015259
932,4,04,0.061037
933,7,07,0.106815
934,8,08,0.122074
935,8,08,0.122074
936,8,08,0.122074
937,5,05,0.076296
938,5,05,0.076296
939,4,04,0.061037
940,4,04,0.061037
941,3,03,0.045778
942,0,00,0
943,0,00,0
944,-2,fe,-0.030519
945,-3,fd,-0.045778
946,-2,fe,-0.030519
947,-3,fd,-0.045778
948,-2,fe,-0.030519
949,-3,fd,-0.045778
950,-2,fe,-0.030519
951,-2,fe,-0.030519
952,-3,fd,-0.045778
953,-2,fe,-0.030519
954,-1,ff,-0.015259
955,-1,ff,-0.015259
956,0,00,0
957,0,00,0
958,1,01,0.015259
959,0,00,0
960,0,00,0
961,0,00,0
962,-2,fe,-0.030519
963,-2,fe,-0.030519
964,-2,fe,-0.030519
965,-2,fe,-0.030519
966,-1,ff,-0.015259
967,-2,fe,-0.030519
968,-1,ff,-0.015259
969,-2,fe,-0.030519
970,-2,fe,-0.030519
971,-2,fe,-0.030519
972,-4,fc,-0.061037
973,-2,fe,-0.030519
974,-4,fc,-0.061037
975,-4,fc,-0.061037
976,-3,fd,-0.045778
977,-5,fb,-0.076296
978,-5,fb,-0.076296
979,-4,fc,-0.061037
980,-4,fc,-0.061037
981,-3,fd,-0.045778
982,-5,fb,-0.076296
983,-4,fc,-0.061037
984,-4,fc,-0.061037
985,-3,fd,-0.045778
986,-3,fd,-0.045778
987,-4,fc,-0.061037
988,-2,fe,-0.030519
989,-3,fd,-0.045778
990,-3,fd,-0.045778
991,-2,fe,-0.030519
992,-4,fc,-0.061037
993,-3,fd,-0.045778
994,-2,fe,-0.030519
995,-2,fe,-0.030519
996,-1,ff,-0.015259
997,-2,fe,-0.030519
998,0,00,0
999,0,00,0
1000,1,01,0.015259
1001,1,01,0.015259
1002,0,00,0
1003,1,01,0.015259
1004,0,00,0
1005,1,01,0.015259
1006,1,01,0.015259
1007,0,00,0
1008,0,00,0
1009,0,00,0
1010,0,00,0
1011,0,00,0
1012,-2,fe,-0.030519
1013,-2,fe,-0.030519
1014,-2,fe,-0.030519
1015,-1,ff,-0.015259
1016,0,00,0
1017,-2,fe,-0.030519
1018,0,00,0
1019,-2,fe,-0.030519
1020,-1,ff,-0.015259
1021,0,00,0
1022,-1,ff,-0.015259
1023,0,00,0
1024,0,00,0
1025,0,00,0
1026,0,00,0
1027,-1,ff,-0.015259
1028,0,00,0
1029,-1,ff,-0.015259
1030,-1,ff,-0.015259
1031,0,00,0
1032,-2,fe,-0.030519
1033,0,00,0
1034,-2,fe,-0.030519
1035,-2,fe,-0.030519
1036,-2,fe,-0.030519
1037,-3,fd,-0.045778
1038,-3,fd,-0.045778
1039,-2,fe,-0.030519
1040,-2,fe,-0.030519
1041,-2,fe,-0.030519
1042,-3,fd,-0.045778
1043,-1,ff,-0.015259
1044,0,00,0
1045,0,00,0
1046,0,00,0
1047,-1,ff,-0.015259
1048,1,01,0.015259
1049,0,00,0
1050,0,00,0
1051,0,00,0
1052,-2,fe,-0.030519
1053,-1,ff,-0.015259
1054,-1,ff,-0.015259
1055,-1,ff,-0.015259
1056,-1,ff,-0.015259
1057,-3,fd,-0.045778
1058,-2,fe,-0.030519
1059,-2,fe,-0.030519
1060,-2,fe,-0.030519
1061,-2,fe,-0.030519
1062,-4,fc,-0.061037
1063,-1,ff,-0.015259
1064,-2,fe,-0.030519
1065,-3,fd,-0.045778
1066,-2,fe,-0.030519
1067,-3,fd,-0.045778
1068,-1,ff,-0.015259
1069,-1,ff,-0.015259
1070,-1,ff,-0.015259
1071,0,00,0
1072,-2,fe,-0.030519
1073,-1,ff,-0.015259
1074,-2,fe,-0.030519
1075,-1,ff,-0.015259
1076,0,00,0
1077,-2,fe,-0.030519
1078,0,00,0
1079,0,00,0
1080,3,03,0.045778
1081,5,05,0.076296
1082,5,05,0.076296
1083,5,05,0.076296
1084,3,03,0.045778
1085,0,00,0
1086,-5,fb,-0.076296
1087,-12,f4,-0.183111
1088,-18,ee,-0.274667
1089,-21,eb,-0.320444
1090,-19,ed,-0.289926
1091,-14,f2,-0.21363
1092,-9,f7,-0.137333
1093,0,00,0
1094,3,03,0.045778
1095,6,06,0.091556
1096,7,07,0.106815
1097,6,06,0.091556
1098,7,07,0.106815
1099,6,06,0.091556
1100,5,05,0.076296
1101,4,04,0.061037
1102,1,01,0.015259
1103,1,01,0.015259
1104,0,00,0
1105,0,00,0
1106,0,00,0
1107,-3,fd,-0.045778
1108,0,00,0
1109,-2,fe,-0.030519
1110,-2,fe,-0.030519
1111,-2,fe,-0.030519
1112,-3,fd,-0.045778
1113,-2,fe,-0.030519
1114,-2,fe,-0.030519
1115,-1,ff,-0.015259
1116,0,00,0
1117,-2,fe,-0.030519
1118,0,00,0
1119,0,00,0
1120,0,00,0
1121,0,00,0
1122,-2,fe,-0.030519
1123,0,00,0
1124,0,00,0
1125,1,01,0.015259
1126,2,02,0.030519
1127,0,00,0
1128,0,00,0
1129,0,00,0
1130,0,00,0
1131,0,00,0
1132,-2,fe,-0.030519
1133,-2,fe,-0.030519
1134,-3,fd,-0.045778
1135,-3,fd,-0.045778
1136,-3,fd,-0.045778
1137,-5,fb,-0.076296
1138,-3,fd,-0.045778
1139,-4,fc,-0.061037
1140,-5,fb,-0.076296
1141,-5,fb,-0.076296
1142,-6,fa,-0.091556
1143,-5,fb,-0.076296
1144,-5,fb,-0.076296
1145,-5,fb,-0.076296
1146,-4,fc,-0.061037
1147,-5,fb,-0.076296
1148,-4,fc,-0.061037
1149,-4,fc,-0.061037
1150,-4,fc,-0.061037
1151,-4,fc,-0.061037
1152,-5,fb,-0.076296
1153,-1,ff,-0.015259
1154,-2,fe,-0.030519
1155,-2,fe,-0.030519
1156,-1,ff,-0.015259
1157,-3,fd,-0.045778
1158,-1,ff,-0.015259
1159,-1,ff,-0.015259
1160,0,00,0
1161,0,00,0
1162,-1,ff,-0.015259
1163,0,00,0
1164,0,00,0
1165,0,00,0
1166,0,00,0
1167,-2,fe,-0.030519
1168,0,00,0
1169,-1,ff,-0.015259
1170,0,00,0
1171,0,00,0
1172,-1,ff,-0.015259
1173,0,00,0
1174,0,00,0
1175,0,00,0
1176,0,00,0
1177,-1,ff,-0.015259
1178,0,00,0
1179,-1,ff,-0.015259
1180,-1,ff,-0.015259
1181,-1,ff,-0.015259
1182,-2,fe,-0.030519
1183,1,01,0.015259
1184,0,00,0
1185,0,00,0
1186,0,00,0
1187,-2,fe,-0.030519
1188,-1,ff,-0.015259
1189,-1,ff,-0.015259
1190,-1,ff,-0.015259
1191,-1,ff,-0.015259
1192,-2,fe,-0.030519
1193,-1,ff,-0.015259
1194,-2,fe,-0.030519
1195,-2,fe,-0.030519
1196,-1,ff,-0.015259
1197,-3,fd,-0.045778
1198,0,00,0
1199,-2,fe,-0.030519
1200,-1,ff,-0.015259
1201,0,00,0
1202,-1,ff,-0.015259
1203,0,00,0
1204,0,00,0
1205,-1,ff,-0.015259
1206,-2,fe,-0.030519
1207,-4,fc,-0.061037
1208,-3,fd,-0.045778
1209,-3,fd,-0.045778
1210,-3,fd,-0.045778
1211,-2,fe,-0.030519
1212,-3,fd,-0.045778
1213,0,00,0
1214,-1,ff,-0.015259
1215,-1,ff,-0.015259
1216,-1,ff,-0.015259
1217,-3,fd,-0.045778
1218,-2,fe,-0.030519
1219,-2,fe,-0.030519
1220,-1,ff,-0.015259
1221,-1,ff,-0.015259
1222,-3,fd,-0.045778
1223,-3,fd,-0.045778
1224,-3,fd,-0.045778
1225,-3,fd,-0.045778
1226,-2,fe,-0.030519
1227,-4,fc,-0.061037
1228,0,00,0
1229,-2,fe,-0.030519
1230,-2,fe,-0.030519
1231,-2,fe,-0.030519
1232,-2,fe,-0.030519
1233,0,00,0
1234,0,00,0
1235,0,00,0
1236,0,00,0
1237,0,00,0
1238,1,01,0.015259
1239,2,02,0.030519
1240,2,02,0.030519
1241,4,04,0.061037
1242,4,04,0.061037
1243,9,09,0.137333
1244,8,08,0.122074
1245,7,07,0.106815
1246,5,05,0.076296
1247,0,00,0
1248,-5,fb,-0.076296
1249,-12,f4,-0.183111
1250,-18,ee,-0.274667
1251,-21,eb,-0.320444
1252,-21,eb,-0.320444
1253,-16,f0,-0.244148
1254,-10,f6,-0.152593
1255,-4,fc,-0.061037
1256,1,01,0.015259
1257,3,03,0.045778
1258,7,07,0.106815
1259,6,06,0.091556
1260,6,06,0.091556
1261,6,06,0.091556
1262,3,03,0.045778
1263,3,03,0.045778
1264,1,01,0.015259
1265,0,00,0
1266,0,00,0
1267,-1,ff,-0.015259
1268,0,00,0
1269,-1,ff,-0.015259
1270,-1,ff,-0.015259
1271,-1,ff,-0.015259
1272,-2,fe,-0.030519
1273,0,00,0
1274,-4,fc,-0.061037
1275,-4,fc,-0.061037
1276,-3,fd,-0.045778
1277,-4,fc,-0.061037
1278,-3,fd,-0.045778
1279,-3,fd,-0.045778
1280,-1,ff,-0.015259
1281,0,00,0
1282,-1,ff,-0.015259
1283,0,00,0
1284,0,00,0
1285,0,00,0
1286,0,00,0
1287,-1,ff,-0.015259
1288,1,01,0.015259
1289,0,00,0
1290,0,00,0
1291,0,00,0
1292,-1,ff,-0.015259
1293,0,00,0
1294,-1,ff,-0.015259
1295,-1,ff,-0.015259
1296,-1,ff,-0.015259
1297,-2,fe,-0.030519
1298,-2,fe,-0.030519
1299,-2,fe,-0.030519
1300,-2,fe,-0.030519
1301,-1,ff,-0.015259
1302,-3,fd,-0.045778
1303,0,00,0
1304,-2,fe,-0.030519
1305,-2,fe,-0.030519
1306,-2,fe,-0.030519
1307,-4,fc,-0.061037
1308,-3,fd,-0.045778
1309,-4,fc,-0.061037
1310,-4,fc,-0.061037
1311,-4,fc,-0.061037
1312,-6,fa,-0.091556
1313,-5,fb,-0.076296
1314,-5,fb,-0.076296
1315,-4,fc,-0.061037
1316,-3,fd,-0.045778
1317,-3,fd,-0.045778
1318,0,00,0
1319,-1,ff,-0.015259
1320,-1,ff,-0.015259
1321,0,00,0
1322,-2,fe,-0.030519
1323,-1,ff,-0.015259
1324,-1,ff,-0.015259
1325,-2,fe,-0.030519
1326,-1,ff,-0.015259
1327,-2,fe,-0.030519
1328,-1,ff,-0.015259
1329,-2,fe,-0.030519
1330,-2,fe,-0.030519
1331,-1,ff,-0.015259
1332,-2,fe,-0.030519
1333,0,00,0
1334,-4,fc,-0.061037
1335,-6,fa,-0.091556
1336,-6,fa,-0.091556
1337,-7,f9,-0.106815
1338,-5,fb,-0.076296
1339,-2,fe,-0.030519
1340,1,01,0.015259
1341,3,03,0.045778
1342,3,03,0.045778
1343,4,04,0.061037
1344,2,02,0.030519
1345,0,00,0
1346,0,00,0
1347,-2,fe,-0.030519
1348,1,01,0.015259
1349,0,00,0
1350,1,01,0.015259
1351,13,0d,0.19837
1352,23,17,0.350963
1353,28,1c,0.427259
1354,26,1a,0.396741
1355,19,13,0.289926
1356,8,08,0.122074
1357,-6,fa,-0.091556
1358,-16,f0,-0.244148
1359,-23,e9,-0.350963
1360,-26,e6,-0.396741
1361,-25,e7,-0.381481
1362,-24,e8,-0.366222
1363,-19,ed,-0.289926
1364,-17,ef,-0.259407
1365,-12,f4,-0.183111
1366,-8,f8,-0.122074
1367,-7,f9,-0.106815
1368,-5,fb,-0.076296
1369,-4,fc,-0.061037
1370,-3,fd,-0.045778
1371,0,00,0
1372,0,00,0
1373,3,03,0.045778
1374,5,05,0.076296
1375,6,06,0.091556
1376,6,06,0.091556
1377,5,05,0.076296
1378,6,06,0.091556
1379,1,01,0.015259
1380,-1,ff,-0.015259
1381,-2,fe,-0.030519
1382,-4,fc,-0.061037
1383,-4,fc,-0.061037
1384,-5,fb,-0.076296
1385,-4,fc,-0.061037
1386,-4,fc,-0.061037
1387,-5,fb,-0.076296
1388,-3,fd,-0.045778
1389,-3,fd,-0.045778
1390,-2,fe,-0.030519
1391,-2,fe,-0.030519
1392,-3,fd,-0.045778
1393,0,00,0
1394,-2,fe,-0.030519
1395,-2,fe,-0.030519
1396,-2,fe,-0.030519
1397,-2,fe,-0.030519
1398,-1,ff,-0.015259
1399,-1,ff,-0.015259
1400,-1,ff,-0.015259
1401,-1,ff,-0.015259
1402,-2,fe,-0.030519
1403,0,00,0
1404,0,00,0
1405,3,03,0.045778
1406,7,07,0.106815
1407,9,09,0.137333
1408,12,0c,0.183111
1409,8,08,0.122074
1410,4,04,0.061037
1411,0,00,0
1412,-7,f9,-0.106815
1413,-15,f1,-0.228889
1414,-21,eb,-0.320444
1415,-23,e9,-0.350963
1416,-21,eb,-0.320444
1417,-17,ef,-0.259407
1418,-10,f6,-0.152593
1419,-4,fc,-0.061037
1420,1,01,0.015259
1421,5,05,0.076296
1422,4,04,0.061037
1423,7,07,0.106815
1424,4,04,0.061037
1425,3,03,0.045778
1426,3,03,0.045778
1427,0,00,0
1428,0,00,0
1429,-1,ff,-0.015259
1430,-3,fd,-0.045778
1431,-3,fd,-0.045778
1432,-4,fc,-0.061037
1433,-4,fc,-0.061037
1434,-3,fd,-0.045778
1435,-3,fd,-0.045778
1436,-2,fe,-0.030519
1437,-2,fe,-0.030519
1438,1,01,0.015259
1439,-1,ff,-0.015259
1440,0,00,0
1441,1,01,0.015259
1442,0,00,0
1443,1,01,0.015259
1444,1,01,0.015259
1445,2,02,0.030519
1446,2,02,0.030519
1447,0,00,0
1448,0,00,0
1449,1,01,0.015259
1450,2,02,0.030519
1451,2,02,0.030519
1452,0,00,0
1453,4,04,0.061037
1454,0,00,0
1455,0,00,0
1456,0,00,0
1457,-2,fe,-0.030519
1458,-1,ff,-0.015259
1459,-1,ff,-0.015259
1460,-2,fe,-0.030519
1461,-3,fd,-0.045778
1462,-6,fa,-0.091556
1463,-5,fb,-0.076296
1464,-6,fa,-0.091556
1465,-6,fa,-0.091556
1466,-6,fa,-0.091556
1467,-8,f8,-0.122074
1468,-5,fb,-0.076296
1469,-8,f8,-0.122074
1470,-8,f8,-0.122074
1471,-8,f8,-0.122074
1472,-9,f7,-0.137333
1473,-7,f9,-0.106815
1474,-6,fa,-0.091556
1475,-5,fb,-0.076296
1476,-5,fb,-0.076296
1477,-6,fa,-0.091556
1478,-5,fb,-0.076296
1479,-4,fc,-0.061037
1480,-3,fd,-0.045778
1481,-2,fe,-0.030519
1482,-2,fe,-0.030519
1483,2,02,0.030519
1484,0,00,0
1485,1,01,0.015259
1486,2,02,0.030519
1487,1,01,0.015259
1488,2,02,0.030519
1489,2,02,0.030519
1490,2,02,0.030519
1491,2,02,0.030519
1492,1,01,0.015259
1493,3,03,0.045778
1494,3,03,0.045778
1495,3,03,0.045778
1496,2,02,0.030519
1497,0,00,0
1498,4,04,0.061037
1499,0,00,0
1500,0,00,0
1501,0,00,0
1502,-2,fe,-0.030519
1503,-1,ff,-0.015259
1504,-2,fe,-0.030519
1505,-2,fe,-0.030519
1506,-1,ff,-0.015259
1507,-2,fe,-0.030519
1508,-1,ff,-0.015259
1509,-1,ff,-0.015259
1510,-2,fe,-0.030519
1511,-2,fe,-0.030519
1512,-3,fd,-0.045778
1513,0,00,0
1514,-2,fe,-0.030519
1515,-1,ff,-0.015259
1516,0,00,0
1517,-1,ff,-0.015259
1518,0,00,0
1519,0,00,0
1520,0,00,0
1521,1,01,0.015259
1522,0,00,0
1523,1,01,0.015259
1524,0,00,0
1525,1,01,0.015259
1526,0,00,0
1527,-1,ff,-0.015259
1528,1,01,0.015259
1529,-1,ff,-0.015259
1530,0,00,0
1531,0,00,0
1532,-1,ff,-0.015259
1533,0,00,0
1534,0,00,0
1535,0,00,0
1536,0,00,0
1537,0,00,0
1538,0,00,0
1539,-1,ff,-0.015259
1540,0,00,0
1541,0,00,0
1542,0,00,0
1543,2,02,0.030519
1544,0,00,0
1545,0,00,0
1546,0,00,0
1547,-1,ff,-0.015259
1548,0,00,0
1549,-1,ff,-0.015259
1550,-1,ff,-0.015259
1551,0,00,0
1552,-1,ff,-0.015259
1553,0,00,0
1554,0,00,0
1555,0,00,0
1556,0,00,0
1557,-1,ff,-0.015259
1558,1,01,0.015259
1559,-2,fe,-0.030519
1560,-2,fe,-0.030519
1561,-1,ff,-0.015259
1562,-1,ff,-0.015259
1563,0,00,0
1564,0,00,0
1565,2,02,0.030519
1566,4,04,0.061037
1567,5,05,0.076296
1568,6,06,0.091556
1569,3,03,0.045778
1570,0,00,0
1571,-3,fd,-0.045778
1572,-10,f6,-0.152593
1573,-14,f2,-0.21363
1574,-20,ec,-0.305185
1575,-20,ec,-0.305185
1576,-16,f0,-0.244148
1577,-12,f4,-0.183111
1578,-4,fc,-0.061037
1579,0,00,0
1580,4,04,0.061037
1581,7,07,0.106815
1582,7,07,0.106815
1583,8,08,0.122074
1584,6,06,0.091556
1585,5,05,0.076296
1586,4,04,0.061037
1587,1,01,0.015259
1588,3,03,0.045778
1589,6,06,0.091556
1590,11,0b,0.167852
1591,16,10,0.244148
1592,15,0f,0.228889
1593,13,0d,0.19837
1594,8,08,0.122074
1595,2,02,0.030519
1596,-2,fe,-0.030519
1597,-7,f9,-0.106815
1598,-8,f8,-0.122074
1599,-10,f6,-0.152593
1600,-10,f6,-0.152593
1601,-9,f7,-0.137333
1602,-9,f7,-0.137333
1603,-4,fc,-0.061037
1604,-6,fa,-0.091556
1605,-5,fb,-0.076296
1606,-4,fc,-0.061037
1607,-4,fc,-0.061037
1608,-2,fe,-0.030519
1609,-1,ff,-0.015259
1610,0,00,0
1611,0,00,0
1612,0,00,0
1613,0,00,0
1614,0,00,0
1615,0,00,0
1616,1,01,0.015259
1617,0,00,0
1618,2,02,0.030519
1619,-3,fd,-0.045778
1620,-3,fd,-0.045778
1621,-1,ff,-0.015259
1622,0,00,0
1623,1,01,0.015259
1624,0,00,0
1625,-2,fe,-0.030519
1626,-3,fd,-0.045778
1627,-6,fa,-0.091556
1628,-5,fb,-0.076296
1629,-6,fa,-0.091556
1630,-6,fa,-0.091556
1631,-5,fb,-0.076296
1632,-6,fa,-0.091556
1633,-5,fb,-0.076296
1634,-9,f7,-0.137333
1635,-10,f6,-0.152593
1636,-10,f6,-0.152593
1637,-10,f6,-0.152593
1638,-8,f8,-0.122074
1639,-7,f9,-0.106815
1640,-4,fc,-0.061037
1641,0,00,0
1642,0,00,0
1643,3,03,0.045778
1644,4,04,0.061037
1645,4,04,0.061037
1646,3,03,0.045778
1647,1,01,0.015259
1648,4,04,0.061037
1649,0,00,0
1650,0,00,0
1651,0,00,0
1652,-1,ff,-0.015259
1653,0,00,0
1654,-1,ff,-0.015259
1655,-1,ff,-0.015259
1656,-1,ff,-0.015259
1657,-2,fe,-0.030519
1658,-2,fe,-0.030519
1659,-2,fe,-0.030519
1660,-2,fe,-0.030519
1661,-2,fe,-0.030519
1662,-4,fc,-0.061037
1663,-1,ff,-0.015259
1664,-3,fd,-0.045778
1665,-2,fe,-0.030519
1666,-1,ff,-0.015259
1667,-2,fe,-0.030519
1668,-2,fe,-0.030519
1669,-3,fd,-0.045778
1670,-4,fc,-0.061037
1671,-5,fb,-0.076296
1672,-7,f9,-0.106815
1673,-5,fb,-0.076296
1674,-6,fa,-0.091556
1675,-4,fc,-0.061037
1676,-3,fd,-0.045778
1677,-4,fc,-0.061037
1678,0,00,0
1679,-2,fe,-0.030519
1680,0,00,0
1681,0,00,0
1682,1,01,0.015259
1683,3,03,0.045778
1684,3,03,0.045778
1685,2,02,0.030519
1686,2,02,0.030519
1687,0,00,0
1688,0,00,0
1689,-1,ff,-0.015259
1690,0,00,0
1691,-1,ff,-0.015259
1692,-2,fe,-0.030519
1693,1,01,0.015259
1694,-2,fe,-0.030519
1695,-3,fd,-0.045778
1696,-3,fd,-0.045778
1697,-3,fd,-0.045778
1698,-2,fe,-0.030519
1699,-2,fe,-0.030519
1700,-1,ff,-0.015259
1701,-1,ff,-0.015259
1702,-1,ff,-0.015259
1703,-1,ff,-0.015259
1704,-2,fe,-0.030519
1705,-2,fe,-0.030519
1706,-2,fe,-0.030519
1707,-4,fc,-0.061037
1708,0,00,0
1709,-2,fe,-0.030519
1710,-2,fe,-0.030519
1711,-1,ff,-0.015259
1712,-3,fd,-0.045778
1713,-1,ff,-0.015259
1714,-1,ff,-0.015259
1715,-1,ff,-0.015259
1716,0,00,0
1717,-1,ff,-0.015259
1718,0,00,0
1719,0,00,0
1720,-1,ff,-0.015259
1721,0,00,0
1722,-2,fe,-0.030519
1723,2,02,0.030519
1724,3,03,0.045778
1725,0,00,0
1726,1,01,0.015259
1727,2,02,0.030519
1728,6,06,0.091556
1729,6,06,0.091556
1730,5,05,0.076296
1731,2,02,0.030519
1732,-3,fd,-0.045778
1733,-7,f9,-0.106815
1734,-15,f1,-0.228889
1735,-19,ed,-0.289926
1736,-19,ed,-0.289926
1737,-17,ef,-0.259407
1738,-11,f5,-0.167852
1739,-5,fb,-0.076296
1740,0,00,0
1741,5,05,0.076296
1742,7,07,0.106815
1743,8,08,0.122074
1744,7,07,0.106815
1745,6,06,0.091556
1746,4,04,0.061037
1747,1,01,0.015259
1748,1,01,0.015259
1749,0,00,0
1750,0,00,0
1751,0,00,0
1752,-2,fe,-0.030519
1753,1,01,0.015259
1754,-1,ff,-0.015259
1755,-2,fe,-0.030519
1756,-2,fe,-0.030519
1757,-3,fd,-0.045778
1758,-2,fe,-0.030519
1759,-2,fe,-0.030519
1760,-1,ff,-0.015259
1761,-1,ff,-0.015259
1762,-2,fe,-0.030519
1763,-1,ff,-0.015259
1764,-1,ff,-0.015259
1765,-1,ff,-0.015259
1766,-1,ff,-0.015259
1767,-2,fe,-0.030519
1768,1,01,0.015259
1769,0,00,0
1770,0,00,0
1771,1,01,0.015259
1772,0,00,0
1773,0,00,0
1774,-1,ff,-0.015259
1775,0,00,0
1776,0,00,0
1777,0,00,0
1778,0,00,0
1779,0,00,0
1780,1,01,0.015259
1781,3,03,0.045778
1782,1,01,0.015259
1783,4,04,0.061037
1784,0,00,0
1785,-2,fe,-0.030519
1786,-3,fd,-0.045778
1787,-4,fc,-0.061037
1788,-1,ff,-0.015259
1789,-2,fe,-0.030519
1790,-1,ff,-0.015259
1791,-2,fe,-0.030519
1792,-6,fa,-0.091556
1793,-7,f9,-0.106815
1794,-9,f7,-0.137333
1795,-10,f6,-0.152593
1796,-10,f6,-0.152593
1797,-12,f4,-0.183111
1798,-8,f8,-0.122074
1799,-10,f6,-0.152593
1800,-9,f7,-0.137333
1801,-8,f8,-0.122074
1802,-8,f8,-0.122074
1803,-6,fa,-0.091556
1804,-4,fc,-0.061037
1805,-2,fe,-0.030519
1806,0,00,0
1807,-1,ff,-0.015259
1808,0,00,0
1809,0,00,0
1810,2,02,0.030519
1811,2,02,0.030519
1812,1,01,0.015259
1813,5,05,0.076296
1814,1,01,0.015259
1815,2,02,0.030519
1816,2,02,0.030519
1817,0,00,0
1818,0,00,0
1819,0,00,0
1820,1,01,0.015259
1821,1,01,0.015259
1822,0,00,0
1823,0,00,0
1824,0,00,0
1825,0,00,0
1826,0,00,0
1827,-2,fe,-0.030519
1828,1,01,0.015259
1829,0,00,0
1830,0,00,0
1831,0,00,0
1832,-1,ff,-0.015259
1833,0,00,0
1834,0,00,0
1835,0,00,0
1836,0,00,0
1837,-1,ff,-0.015259
1838,0,00,0
1839,0,00,0
1840,0,00,0
1841,1,01,0.015259
1842,0,00,0
1843,4,04,0.061037
1844,0,00,0
1845,-1,ff,-0.015259
1846,-2,fe,-0.030519
1847,-4,fc,-0.061037
1848,-4,fc,-0.061037
1849,-5,fb,-0.076296
1850,-5,fb,-0.076296
1851,-5,fb,-0.076296
1852,-6,fa,-0.091556
1853,-5,fb,-0.076296
1854,-5,fb,-0.076296
1855,-3,fd,-0.045778
1856,-1,ff,-0.015259
1857,-2,fe,-0.030519
1858,1,01,0.015259
1859,-1,ff,-0.015259
1860,-1,ff,-0.015259
1861,0,00,0
1862,-2,fe,-0.030519
1863,0,00,0
1864,0,00,0
1865,0,00,0
1866,0,00,0
1867,-1,ff,-0.015259
1868,0,00,0
1869,-1,ff,-0.015259
1870,-2,fe,-0.030519
1871,-2,fe,-0.030519
1872,-4,fc,-0.061037
1873,0,00,0
1874,-3,fd,-0.045778
1875,-2,fe,-0.030519
1876,-1,ff,-0.015259
1877,-3,fd,-0.045778
1878,-2,fe,-0.030519
1879,-2,fe,-0.030519
1880,-1,ff,-0.015259
1881,0,00,0
1882,-1,ff,-0.015259
1883,-1,ff,-0.015259
1884,-1,ff,-0.015259
1885,0,00,0
1886,0,00,0
1887,-2,fe,-0.030519
1888,1,01,0.015259
1889,-1,ff,-0.015259
1890,1,01,0.015259
1891,4,04,0.061037
1892,5,05,0.076296
1893,7,07,0.106815
1894,6,06,0.091556
1895,4,04,0.061037
1896,0,00,0
1897,-6,fa,-0.091556
1898,-11,f5,-0.167852
1899,-17,ef,-0.259407
1900,-20,ec,-0.305185
1901,-19,ed,-0.289926
1902,-16,f0,-0.244148
1903,-7,f9,-0.106815
1904,-4,fc,-0.061037
1905,1,01,0.015259
1906,7,07,0.106815
1907,10,0a,0.152593
1908,14,0e,0.21363
1909,15,0f,0.228889
1910,14,0e,0.21363
1911,11,0b,0.167852
1912,5,05,0.076296
1913,2,02,0.030519
1914,-1,ff,-0.015259
1915,-2,fe,-0.030519
1916,-4,fc,-0.061037
1917,-6,fa,-0.091556
1918,-4,fc,-0.061037
1919,-7,f9,-0.106815
1920,-6,fa,-0.091556
1921,-6,fa,-0.091556
1922,-7,f9,-0.106815
1923,-6,fa,-0.091556
1924,-5,fb,-0.076296
1925,-3,fd,-0.045778
1926,-2,fe,-0.030519
1927,-4,fc,-0.061037
1928,-2,fe,-0.030519
1929,-3,fd,-0.045778
1930,-2,fe,-0.030519
1931,-1,ff,-0.015259
1932,-2,fe,-0.030519
1933,1,01,0.015259
1934,-1,ff,-0.015259
1935,-1,ff,-0.015259
1936,0,00,0
1937,-2,fe,-0.030519
1938,0,00,0
1939,0,00,0
1940,0,00,0
1941,1,01,0.015259
1942,0,00,0
1943,0,00,0
1944,-1,ff,-0.015259
1945,-2,fe,-0.030519
1946,-3,fd,-0.045778
1947,-5,fb,-0.076296
1948,-2,fe,-0.030519
1949,-5,fb,-0.076296
1950,-4,fc,-0.061037
1951,-4,fc,-0.061037
1952,-5,fb,-0.076296
1953,-4,fc,-0.061037
1954,-4,fc,-0.061037
1955,-4,fc,-0.061037
1956,-3,fd,-0.045778
1957,-4,fc,-0.061037
1958,-3,fd,-0.045778
1959,-3,fd,-0.045778
1960,-3,fd,-0.045778
1961,-2,fe,-0.030519
1962,-3,fd,-0.045778
1963,0,00,0
1964,-3,fd,-0.045778
1965,-2,fe,-0.030519
1966,-2,fe,-0.030519
1967,-3,fd,-0.045778
1968,-1,ff,-0.015259
1969,-1,ff,-0.015259
1970,0,00,0
1971,0,00,0
1972,0,00,0
1973,0,00,0
1974,0,00,0
1975,0,00,0
1976,0,00,0
1977,-1,ff,-0.015259
1978,3,03,0.045778
1979,0,00,0
1980,0,00,0
1981,0,00,0
1982,-1,ff,-0.015259
1983,0,00,0
1984,-1,ff,-0.015259
1985,-1,ff,-0.015259
1986,-1,ff,-0.015259
1987,-3,fd,-0.045778
1988,-1,ff,-0.015259
1989,-2,fe,-0.030519
1990,-1,ff,-0.015259
1991,-1,ff,-0.015259
1992,-2,fe,-0.030519
1993,1,01,0.015259
1994,-1,ff,-0.015259
1995,0,00,0
1996,0,00,0
1997,-1,ff,-0.015259
1998,-1,ff,-0.015259
1999,-2,fe,-0.030519
2000,-1,ff,-0.015259
2001,0,00,0
2002,-2,fe,-0.030519
2003,-1,ff,-0.015259
2004,-1,ff,-0.015259
2005,-2,fe,-0.030519
2006,-1,ff,-0.015259
2007,-3,fd,-0.045778
2008,0,00,0
2009,-2,fe,-0.030519
2010,-2,fe,-0.030519
2011,-2,fe,-0.030519
2012,-3,fd,-0.045778
2013,-1,ff,-0.015259
2014,-1,ff,-0.015259
2015,-1,ff,-0.015259
2016,0,00,0
2017,0,00,0
2018,0,00,0
2019,-1,ff,-0.015259
2020,-1,ff,-0.015259
2021,0,00,0
2022,-1,ff,-0.015259
2023,3,03,0.045778
2024,0,00,0
2025,-1,ff,-0.015259
2026,0,00,0
2027,-1,ff,-0.015259
2028,0,00,0
2029,0,00,0
2030,0,00,0
2031,0,00,0
2032,0,00,0
2033,0,00,0
2034,-2,fe,-0.030519
2035,-2,fe,-0.030519
2036,-2,fe,-0.030519
2037,-4,fc,-0.061037
2038,-1,ff,-0.015259
2039,-4,fc,-0.061037
2040,-4,fc,-0.061037
2041,-3,fd,-0.045778
2042,-4,fc,-0.061037
2043,-2,fe,-0.030519
2044,-2,fe,-0.030519
2045,-1,ff,-0.015259
2046,-1,ff,-0.015259
2047,-2,fe,-0.030519
2048,0,00,0
2049,-1,ff,-0.015259
2050,-1,ff,-0.015259
2051,-1,ff,-0.015259
2052,-2,fe,-0.030519
2053,1,01,0.015259
2054,-1,ff,-0.015259
2055,0,00,0
2056,4,04,0.061037
2057,5,05,0.076296
2058,7,07,0.106815
2059,6,06,0.091556
2060,4,04,0.061037
2061,0,00,0
2062,-5,fb,-0.076296
2063,-10,f6,-0.152593
2064,-17,ef,-0.259407
2065,-18,ee,-0.274667
2066,-17,ef,-0.259407
2067,-14,f2,-0.21363
2068,-5,fb,-0.076296
2069,-3,fd,-0.045778
2070,1,01,0.015259
2071,5,05,0.076296
2072,7,07,0.106815
2073,9,09,0.137333
2074,8,08,0.122074
2075,7,07,0.106815
2076,6,06,0.091556
2077,2,02,0.030519
2078,1,01,0.015259
2079,-1,ff,-0.015259
2080,-2,fe,-0.030519
2081,-3,fd,-0.045778
2082,-4,fc,-0.061037
2083,0,00,0
2084,-2,fe,-0.030519
2085,-1,ff,-0.015259
2086,0,00,0
2087,-1,ff,-0.015259
2088,0,00,0
2089,-2,fe,-0.030519
2090,-2,fe,-0.030519
2091,-3,fd,-0.045778
2092,-5,fb,-0.076296
2093,-3,fd,-0.045778
2094,-3,fd,-0.045778
2095,-2,fe,-0.030519
2096,-2,fe,-0.030519
2097,-3,fd,-0.045778
2098,0,00,0
2099,-2,fe,-0.030519
2100,-2,fe,-0.030519
2101,-2,fe,-0.030519
2102,-4,fc,-0.061037
2103,-2,fe,-0.030519
2104,-1,ff,-0.015259
2105,0,00,0
2106,0,00,0
2107,-1,ff,-0.015259
2108,0,00,0
2109,1,01,0.015259
2110,2,02,0.030519
2111,2,02,0.030519
2112,1,01,0.015259
2113,3,03,0.045778
2114,-1,ff,-0.015259
2115,-3,fd,-0.045778
2116,-4,fc,-0.061037
2117,-6,fa,-0.091556
2118,-6,fa,-0.091556
2119,-7,f9,-0.106815
2120,-6,fa,-0.091556
2121,-7,f9,-0.106815
2122,-9,f7,-0.137333
2123,-8,f8,-0.122074
2124,-9,f7,-0.137333
2125,-9,f7,-0.137333
2126,-9,f7,-0.137333
2127,-10,f6,-0.152593
2128,-6,fa,-0.091556
2129,-8,f8,-0.122074
2130,-6,fa,-0.091556
2131,-5,fb,-0.076296
2132,-6,fa,-0.091556
2133,-3,fd,-0.045778
2134,-2,fe,-0.030519
2135,-1,ff,-0.015259
2136,-2,fe,-0.030519
2137,-2,fe,-0.030519
2138,-2,fe,-0.030519
2139,-3,fd,-0.045778
2140,-3,fd,-0.045778
2141,-4,fc,-0.061037
2142,-8,f8,-0.122074
2143,-6,fa,-0.091556
2144,-8,f8,-0.122074
2145,-7,f9,-0.106815
2146,-7,f9,-0.106815
2147,-11,f5,-0.167852
2148,-13,f3,-0.19837
2149,-16,f0,-0.244148
2150,-18,ee,-0.274667
2151,-20,ec,-0.305185
2152,-22,ea,-0.335704
2153,-20,ec,-0.305185
2154,-16,f0,-0.244148
2155,-11,f5,-0.167852
2156,-8,f8,-0.122074
2157,-8,f8,-0.122074
2158,-1,ff,-0.015259
2159,-2,fe,-0.030519
2160,0,00,0
2161,-1,ff,-0.015259
2162,-5,fb,-0.076296
2163,-8,f8,-0.122074
2164,-12,f4,-0.183111
2165,-17,ef,-0.259407
2166,-22,ea,-0.335704
2167,-28,e4,-0.427259
2168,-24,e8,-0.366222
2169,-15,f1,-0.228889
2170,-7,f9,-0.106815
2171,-4,fc,-0.061037
2172,-5,fb,-0.076296
2173,2,02,0.030519
2174,6,06,0.091556
2175,12,0c,0.183111
2176,13,0d,0.19837
2177,11,0b,0.167852
2178,15,0f,0.228889
2179,19,13,0.289926
2180,22,16,0.335704
2181,20,14,0.305185
2182,15,0f,0.228889
2183,16,10,0.244148
2184,20,14,0.305185
2185,22,16,0.335704
2186,20,14,0.305185
2187,18,12,0.274667
2188,25,19,0.381481
2189,27,1b,0.412
2190,32,20,0.488296
2191,31,1f,0.473037
2192,26,1a,0.396741
2193,25,19,0.381481
2194,27,1b,0.412
2195,31,1f,0.473037
2196,29,1d,0.442518
2197,22,16,0.335704
2198,18,12,0.274667
2199,13,0d,0.19837
2200,10,0a,0.152593
2201,6,06,0.091556
2202,0,00,0
2203,-2,fe,-0.030519
2204,-7,f9,-0.106815
2205,-8,f8,-0.122074
2206,-10,f6,-0.152593
2207,-13,f3,-0.19837
2208,-11,f5,-0.167852
2209,-11,f5,-0.167852
2210,-11,f5,-0.167852
2211,-10,f6,-0.152593
2212,-11,f5,-0.167852
2213,-9,f7,-0.137333
2214,-8,f8,-0.122074
2215,-8,f8,-0.122074
2216,-9,f7,-0.137333
2217,-10,f6,-0.152593
2218,-5,fb,-0.076296
2219,-8,f8,-0.122074
2220,-6,fa,-0.091556
2221,-5,fb,-0.076296
2222,-6,fa,-0.091556
2223,-2,fe,-0.030519
2224,0,00,0
2225,3,03,0.045778
2226,3,03,0.045778
2227,0,00,0
2228,-2,fe,-0.030519
2229,-7,f9,-0.106815
2230,-12,f4,-0.183111
2231,-20,ec,-0.305185
2232,-25,e7,-0.381481
2233,-21,eb,-0.320444
2234,-18,ee,-0.274667
2235,-11,f5,-0.167852
2236,-4,fc,-0.061037
2237,0,00,0
2238,4,04,0.061037
2239,6,06,0.091556
2240,9,09,0.137333
2241,9,09,0.137333
2242,5,05,0.076296
2243,4,04,0.061037
2244,2,02,0.030519
2245,1,01,0.015259
2246,0,00,0
2247,-2,fe,-0.030519
2248,0,00,0
2249,0,00,0
2250,0,00,0
2251,-1,ff,-0.015259
2252,-3,fd,-0.045778
2253,-2,fe,-0.030519
2254,-2,fe,-0.030519
2255,-1,ff,-0.015259
2256,0,00,0
2257,-2,fe,-0.030519
2258,-1,ff,-0.015259
2259,-2,fe,-0.030519
2260,-2,fe,-0.030519
2261,-2,fe,-0.030519
2262,-4,fc,-0.061037
2263,0,00,0
2264,0,00,0
2265,-1,ff,-0.015259
2266,-1,ff,-0.015259
2267,-3,fd,-0.045778
2268,-1,ff,-0.015259
2269,-1,ff,-0.015259
2270,0,00,0
2271,0,00,0
2272,-1,ff,-0.015259
2273,0,00,0
2274,0,00,0
2275,0,00,0
2276,0,00,0
2277,-2,fe,-0.030519
2278,1,01,0.015259
2279,-2,fe,-0.030519
2280,-2,fe,-0.030519
2281,-3,fd,-0.045778
2282,-6,fa,-0.091556
2283,-5,fb,-0.076296
2284,-5,fb,-0.076296
2285,-4,fc,-0.061037
2286,-5,fb,-0.076296
2287,-6,fa,-0.091556
2288,-4,fc,-0.061037
2289,-3,fd,-0.045778
2290,-2,fe,-0.030519
2291,-1,ff,-0.015259
2292,-3,fd,-0.045778
2293,-1,ff,-0.015259
2294,-6,fa,-0.091556
2295,-9,f7,-0.137333
2296,-15,f1,-0.228889
2297,-24,e8,-0.366222
2298,-25,e7,-0.381481
2299,-26,e6,-0.396741
2300,-31,e1,-0.473037
2301,-44,d4,-0.671407
2302,-63,c1,-0.961333
2303,-75,b5,-1.144444
2304,-81,af,-1.236
2305,-86,aa,-1.312296
2306,-106,96,-1.617481
2307,-89,a7,-1.358074
2308,-97,9f,-1.480148
2309,-108,94,-1.648
2310,-108,94,-1.648
2311,-108,94,-1.648
2312,-35,dd,-0.534074
2313,10,0a,0.152593
2314,29,1d,0.442518
2315,64,40,0.976592
2316,108,6c,1.648
2317,108,6c,1.648
2318,108,6c,1.648
2319,96,60,1.464888
2320,90,5a,1.373333
2321,102,66,1.556444
2322,106,6a,1.617481
2323,95,5f,1.449629
2324,57,39,0.869778
2325,30,1e,0.457778
2326,31,1f,0.473037
2327,35,23,0.534074
2328,26,1a,0.396741
2329,2,02,0.030519
2330,-7,f9,-0.106815
2331,3,03,0.045778
2332,13,0d,0.19837
2333,7,07,0.106815
2334,-11,f5,-0.167852
2335,-15,f1,-0.228889
2336,-1,ff,-0.015259
2337,9,09,0.137333
2338,8,08,0.122074
2339,-10,f6,-0.152593
2340,-12,f4,-0.183111
2341,0,00,0
2342,8,08,0.122074
2343,3,03,0.045778
2344,-9,f7,-0.137333
2345,-11,f5,-0.167852
2346,0,00,0
2347,8,08,0.122074
2348,2,02,0.030519
2349,-8,f8,-0.122074
2350,-10,f6,-0.152593
2351,-5,fb,-0.076296
2352,-6,fa,-0.091556
2353,-6,fa,-0.091556
2354,17,11,0.259407
2355,28,1c,0.427259
2356,12,0c,0.183111
2357,-8,f8,-0.122074
2358,-26,e6,-0.396741
2359,-37,db,-0.564592
2360,-50,ce,-0.762963
2361,-55,c9,-0.839259
2362,-45,d3,-0.686666
2363,-32,e0,-0.488296
2364,-24,e8,-0.366222
2365,-22,ea,-0.335704
2366,-16,f0,-0.244148
2367,-2,fe,-0.030519
2368,11,0b,0.167852
2369,20,14,0.305185
2370,30,1e,0.457778
2371,27,1b,0.412
2372,24,18,0.366222
2373,15,0f,0.228889
2374,-2,fe,-0.030519
2375,-20,ec,-0.305185
2376,-27,e5,-0.412
2377,-17,ef,-0.259407
2378,-7,f9,-0.106815
2379,-8,f8,-0.122074
2380,-13,f3,-0.19837
2381,-11,f5,-0.167852
2382,2,02,0.030519
2383,16,10,0.244148
2384,23,17,0.350963
2385,37,25,0.564592
2386,51,33,0.778222
2387,85,55,1.297037
2388,74,4a,1.129185
2389,44,2c,0.671407
2390,20,14,0.305185
2391,8,08,0.122074
2392,-2,fe,-0.030519
2393,-17,ef,-0.259407
2394,-30,e2,-0.457778
2395,-30,e2,-0.457778
2396,-20,ec,-0.305185
2397,-12,f4,-0.183111
2398,-12,f4,-0.183111
2399,-19,ed,-0.289926
2400,-15,f1,-0.228889
2401,-5,fb,-0.076296
2402,0,00,0
2403,-3,fd,-0.045778
2404,-9,f7,-0.137333
2405,-8,f8,-0.122074
2406,0,00,0
2407,3,03,0.045778
2408,-1,ff,-0.015259
2409,-7,f9,-0.106815
2410,-6,fa,-0.091556
2411,0,00,0
2412,3,03,0.045778
2413,2,02,0.030519
2414,-6,fa,-0.091556
2415,-5,fb,-0.076296
2416,0,00,0
2417,3,03,0.045778
2418,0,00,0
2419,-6,fa,-0.091556
2420,-5,fb,-0.076296
2421,0,00,0
2422,2,02,0.030519
2423,-1,ff,-0.015259
2424,-5,fb,-0.076296
2425,-5,fb,-0.076296
2426,0,00,0
2427,2,02,0.030519
2428,18,12,0.274667
2429,30,1e,0.457778
2430,34,22,0.518815
2431,15,0f,0.228889
2432,-6,fa,-0.091556
2433,-3,fd,-0.045778
2434,16,10,0.244148
2435,30,1e,0.457778
2436,23,17,0.350963
2437,11,0b,0.167852
2438,16,10,0.244148
2439,30,1e,0.457778
2440,34,22,0.518815
2441,19,13,0.289926
2442,0,00,0
2443,3,03,0.045778
2444,10,0a,0.152593
2445,14,0e,0.21363
2446,3,03,0.045778
2447,-11,f5,-0.167852
2448,-10,f6,-0.152593
2449,0,00,0
2450,4,04,0.061037
2451,-6,fa,-0.091556
2452,-20,ec,-0.305185
2453,-18,ee,-0.274667
2454,-8,f8,-0.122074
2455,-3,fd,-0.045778
2456,-11,f5,-0.167852
2457,-23,e9,-0.350963
2458,-19,ed,-0.289926
2459,-13,f3,-0.19837
2460,-7,f9,-0.106815
2461,-12,f4,-0.183111
2462,-21,eb,-0.320444
2463,-15,f1,-0.228889
2464,-4,fc,-0.061037
2465,1,01,0.015259
2466,-5,fb,-0.076296
2467,-15,f1,-0.228889
2468,-14,f2,-0.21363
2469,-7,f9,-0.106815
2470,-2,fe,-0.030519
2471,-5,fb,-0.076296
2472,-10,f6,-0.152593
2473,-3,fd,-0.045778
2474,2,02,0.030519
2475,10,0a,0.152593
2476,10,0a,0.152593
2477,5,05,0.076296
2478,10,0a,0.152593
2479,17,11,0.259407
2480,21,15,0.320444
2481,16,10,0.244148
2482,7,07,0.106815
2483,6,06,0.091556
2484,8,08,0.122074
2485,8,08,0.122074
2486,3,03,0.045778
2487,-3,fd,-0.045778
2488,0,00,0
2489,1,01,0.015259
2490,2,02,0.030519
2491,-2,fe,-0.030519
2492,-10,f6,-0.152593
2493,-11,f5,-0.167852
2494,-6,fa,-0.091556
2495,-3,fd,-0.045778
2496,-5,fb,-0.076296
2497,-11,f5,-0.167852
2498,-9,f7,-0.137333
2499,-5,fb,-0.076296
2500,-2,fe,-0.030519
2501,-4,fc,-0.061037
2502,-10,f6,-0.152593
2503,-8,f8,-0.122074
2504,-6,fa,-0.091556
2505,-8,f8,-0.122074
2506,-9,f7,-0.137333
2507,-12,f4,-0.183111
2508,-10,f6,-0.152593
2509,-6,fa,-0.091556
2510,-3,fd,-0.045778
2511,-5,fb,-0.076296
2512,-8,f8,-0.122074
2513,-7,f9,-0.106815
2514,-5,fb,-0.076296
2515,-3,fd,-0.045778
2516,-4,fc,-0.061037
2517,-7,f9,-0.106815
2518,-2,fe,-0.030519
2519,-4,fc,-0.061037
2520,-3,fd,-0.045778
2521,-5,fb,-0.076296
2522,-8,f8,-0.122074
2523,-6,fa,-0.091556
2524,-4,fc,-0.061037
2525,-3,fd,-0.045778
2526,-5,fb,-0.076296
2527,-7,f9,-0.106815
2528,-6,fa,-0.091556
2529,-3,fd,-0.045778
2530,-1,ff,-0.015259
2531,-2,fe,-0.030519
2532,-4,fc,-0.061037
2533,0,00,0
2534,-1,ff,-0.015259
2535,0,00,0
2536,-2,fe,-0.030519
2537,-6,fa,-0.091556
2538,-5,fb,-0.076296
2539,-4,fc,-0.061037
2540,-3,fd,-0.045778
2541,-4,fc,-0.061037
2542,-7,f9,-0.106815
2543,-5,fb,-0.076296
2544,-4,fc,-0.061037
2545,-3,fd,-0.045778
2546,-3,fd,-0.045778
2547,-6,fa,-0.091556
2548,-1,ff,-0.015259
2549,-2,fe,-0.030519
2550,-1,ff,-0.015259
2551,-2,fe,-0.030519
2552,-4,fc,-0.061037
2553,-3,fd,-0.045778
2554,0,00,0
2555,1,01,0.015259
2556,2,02,0.030519
2557,2,02,0.030519
2558,7,07,0.106815
2559,10,0a,0.152593
2560,11,0b,0.167852
2561,8,08,0.122074
2562,1,01,0.015259
2563,0,00,0
2564,-7,f9,-0.106815
2565,-13,f3,-0.19837
2566,-17,ef,-0.259407
2567,-20,ec,-0.305185
2568,-16,f0,-0.244148
2569,-11,f5,-0.167852
2570,-4,fc,-0.061037
2571,1,01,0.015259
2572,4,04,0.061037
2573,8,08,0.122074
2574,10,0a,0.152593
2575,11,0b,0.167852
2576,7,07,0.106815
2577,0,00,0
2578,-2,fe,-0.030519
2579,-4,fc,-0.061037
2580,-5,fb,-0.076296
2581,-6,fa,-0.091556
2582,-8,f8,-0.122074
2583,-7,f9,-0.106815
2584,-5,fb,-0.076296
2585,-4,fc,-0.061037
2586,-4,fc,-0.061037
2587,-5,fb,-0.076296
2588,-3,fd,-0.045778
2589,-1,ff,-0.015259
2590,0,00,0
2591,0,00,0
2592,-3,fd,-0.045778
2593,0,00,0
2594,0,00,0
2595,0,00,0
2596,0,00,0
2597,0,00,0
2598,1,01,0.015259
2599,1,01,0.015259
2600,2,02,0.030519
2601,2,02,0.030519
2602,0,00,0
2603,0,00,0
2604,0,00,0
2605,0,00,0
2606,0,00,0
2607,-1,ff,-0.015259
2608,1,01,0.015259
2609,1,01,0.015259
2610,-2,fe,-0.030519
2611,-2,fe,-0.030519
2612,-4,fc,-0.061037
2613,-4,fc,-0.061037
2614,-5,fb,-0.076296
2615,-4,fc,-0.061037
2616,-4,fc,-0.061037
2617,-6,fa,-0.091556
2618,-6,fa,-0.091556
2619,-6,fa,-0.091556
2620,-5,fb,-0.076296
2621,-4,fc,-0.061037
2622,-6,fa,-0.091556
2623,-2,fe,-0.030519
2624,-4,fc,-0.061037
2625,-4,fc,-0.061037
2626,-4,fc,-0.061037
2627,-6,fa,-0.091556
2628,-5,fb,-0.076296
2629,-5,fb,-0.076296
2630,-3,fd,-0.045778
2631,-2,fe,-0.030519
2632,-3,fd,-0.045778
2633,-1,ff,-0.015259
2634,0,00,0
2635,0,00,0
2636,0,00,0
2637,-1,ff,-0.015259
2638,2,02,0.030519
2639,0,00,0
2640,0,00,0
2641,0,00,0
2642,-1,ff,-0.015259
2643,0,00,0
2644,0,00,0
2645,0,00,0
2646,0,00,0
2647,0,00,0
2648,0,00,0
2649,0,00,0
2650,0,00,0
2651,0,00,0
2652,-1,ff,-0.015259
2653,1,01,0.015259
2654,-1,ff,-0.015259
2655,-1,ff,-0.015259
2656,-1,ff,-0.015259
2657,-3,fd,-0.045778
2658,-3,fd,-0.045778
2659,-3,fd,-0.045778
2660,-3,fd,-0.045778
2661,-2,fe,-0.030519
2662,-3,fd,-0.045778
2663,-2,fe,-0.030519
2664,-2,fe,-0.030519
2665,-1,ff,-0.015259
2666,0,00,0
2667,-1,ff,-0.015259
2668,2,02,0.030519
2669,-1,ff,-0.015259
2670,-1,ff,-0.015259
2671,-2,fe,-0.030519
2672,-4,fc,-0.061037
2673,-3,fd,-0.045778
2674,-4,fc,-0.061037
2675,-4,fc,-0.061037
2676,-3,fd,-0.045778
2677,-4,fc,-0.061037
2678,-3,fd,-0.045778
2679,-3,fd,-0.045778
2680,-1,ff,-0.015259
2681,0,00,0
2682,-1,ff,-0.015259
2683,0,00,0
2684,0,00,0
2685,0,00,0
2686,1,01,0.015259
2687,0,00,0
2688,2,02,0.030519
2689,0,00,0
2690,0,00,0
2691,0,00,0
2692,-2,fe,-0.030519
2693,-1,ff,-0.015259
2694,-1,ff,-0.015259
2695,-1,ff,-0.015259
2696,0,00,0
2697,-2,fe,-0.030519
2698,2,02,0.030519
2699,2,02,0.030519
2700,0,00,0
2701,0,00,0
2702,-1,ff,-0.015259
2703,0,00,0
2704,-1,ff,-0.015259
2705,0,00,0
2706,0,00,0
2707,-1,ff,-0.015259
2708,0,00,0
2709,-2,fe,-0.030519
2710,-3,fd,-0.045778
2711,-3,fd,-0.045778
2712,-5,fb,-0.076296
2713,-1,ff,-0.015259
2714,-3,fd,-0.045778
2715,-4,fc,-0.061037
2716,-3,fd,-0.045778
2717,-3,fd,-0.045778
2718,-1,ff,-0.015259
2719,-1,ff,-0.015259
2720,0,00,0
2721,0,00,0
2722,-1,ff,-0.015259
2723,0,00,0
2724,-1,ff,-0.015259
2725,0,00,0
2726,0,00,0
2727,0,00,0
2728,4,04,0.061037
2729,2,02,0.030519
2730,4,04,0.061037
2731,7,07,0.106815
2732,7,07,0.106815
2733,8,08,0.122074
2734,5,05,0.076296
2735,1,01,0.015259
2736,-4,fc,-0.061037
2737,-12,f4,-0.183111
2738,-17,ef,-0.259407
2739,-21,eb,-0.320444
2740,-20,ec,-0.305185
2741,-17,ef,-0.259407
2742,-12,f4,-0.183111
2743,-1,ff,-0.015259
2744,0,00,0
2745,4,04,0.061037
2746,6,06,0.091556
2747,5,05,0.076296
2748,5,05,0.076296
2749,4,04,0.061037
2750,3,03,0.045778
2751,3,03,0.045778
2752,0,00,0
2753,1,01,0.015259
2754,0,00,0
2755,0,00,0
2756,-1,ff,-0.015259
2757,-3,fd,-0.045778
2758,0,00,0
2759,-2,fe,-0.030519
2760,-2,fe,-0.030519
2761,-1,ff,-0.015259
2762,-2,fe,-0.030519
2763,-1,ff,-0.015259
2764,-1,ff,-0.015259
2765,-1,ff,-0.015259
2766,-1,ff,-0.015259
2767,-2,fe,-0.030519
2768,-2,fe,-0.030519
2769,-2,fe,-0.030519
2770,-1,ff,-0.015259
2771,0,00,0
2772,-2,fe,-0.030519
2773,2,02,0.030519
2774,-1,ff,-0.015259
2775,-2,fe,-0.030519
2776,-2,fe,-0.030519
2777,-3,fd,-0.045778
2778,-1,ff,-0.015259
2779,-1,ff,-0.015259
2780,0,00,0
2781,0,00,0
2782,-1,ff,-0.015259
2783,0,00,0
2784,-1,ff,-0.015259
2785,0,00,0
2786,0,00,0
2787,-2,fe,-0.030519
2788,0,00,0
2789,-1,ff,-0.015259
2790,-1,ff,-0.015259
2791,-2,fe,-0.030519
2792,-4,fc,-0.061037
2793,-3,fd,-0.045778
2794,-4,fc,-0.061037
2795,-4,fc,-0.061037
2796,-5,fb,-0.076296
2797,-7,f9,-0.106815
2798,-5,fb,-0.076296
2799,-5,fb,-0.076296
2800,-5,fb,-0.076296
2801,-5,fb,-0.076296
2802,-5,fb,-0.076296
2803,0,00,0
2804,-2,fe,-0.030519
2805,-1,ff,-0.015259
2806,-1,ff,-0.015259
2807,-2,fe,-0.030519
2808,0,00,0
2809,0,00,0
2810,0,00,0
2811,1,01,0.015259
2812,0,00,0
2813,0,00,0
2814,0,00,0
2815,0,00,0
2816,0,00,0
2817,-1,ff,-0.015259
2818,3,03,0.045778
2819,0,00,0
2820,0,00,0
2821,0,00,0
2822,-1,ff,-0.015259
2823,0,00,0
2824,0,00,0
2825,0,00,0
2826,0,00,0
2827,-1,ff,-0.015259
2828,0,00,0
2829,-1,ff,-0.015259
2830,-1,ff,-0.015259
2831,-1,ff,-0.015259
2832,-2,fe,-0.030519
2833,1,01,0.015259
2834,-2,fe,-0.030519
2835,-2,fe,-0.030519
2836,-2,fe,-0.030519
2837,-4,fc,-0.061037
2838,-3,fd,-0.045778
2839,-3,fd,-0.045778
2840,-3,fd,-0.045778
2841,-3,fd,-0.045778
2842,-4,fc,-0.061037
2843,-2,fe,-0.030519
2844,-2,fe,-0.030519
2845,-1,ff,-0.015259
2846,0,00,0
2847,-1,ff,-0.015259
2848,2,02,0.030519
2849,-1,ff,-0.015259
2850,-1,ff,-0.015259
2851,-1,ff,-0.015259
2852,-3,fd,-0.045778
2853,-1,ff,-0.015259
2854,-1,ff,-0.015259
2855,0,00,0
2856,0,00,0
2857,-2,fe,-0.030519
2858,-1,ff,-0.015259
2859,-1,ff,-0.015259
2860,0,00,0
2861,-1,ff,-0.015259
2862,-3,fd,-0.045778
2863,1,01,0.015259
2864,-1,ff,-0.015259
2865,0,00,0
2866,0,00,0
2867,-2,fe,-0.030519
2868,0,00,0
2869,-1,ff,-0.015259
2870,0,00,0
2871,-1,ff,-0.015259
2872,-2,fe,-0.030519
2873,0,00,0
2874,-1,ff,-0.015259
2875,0,00,0
2876,0,00,0
2877,-1,ff,-0.015259
2878,2,02,0.030519
2879,-1,ff,-0.015259
2880,-1,ff,-0.015259
2881,-1,ff,-0.015259
2882,-3,fd,-0.045778
2883,-1,ff,-0.015259
2884,-1,ff,-0.015259
2885,0,00,0
2886,0,00,0
2887,-2,fe,-0.030519
2888,-1,ff,-0.015259
2889,-3,fd,-0.045778
2890,-3,fd,-0.045778
2891,-3,fd,-0.045778
2892,-4,fc,-0.061037
2893,0,00,0
2894,-3,fd,-0.045778
2895,-3,fd,-0.045778
2896,-2,fe,-0.030519
2897,-3,fd,-0.045778
2898,-1,ff,-0.015259
2899,-1,ff,-0.015259
2900,0,00,0
2901,0,00,0
2902,0,00,0
2903,0,00,0
2904,0,00,0
2905,0,00,0
2906,0,00,0
2907,0,00,0
2908,4,04,0.061037
2909,3,03,0.045778
2910,5,05,0.076296
2911,7,07,0.106815
2912,5,05,0.076296
2913,4,04,0.061037
2914,0,00,0
2915,-4,fc,-0.061037
2916,-10,f6,-0.152593
2917,-18,ee,-0.274667
2918,-21,eb,-0.320444
2919,-21,eb,-0.320444
2920,-16,f0,-0.244148
2921,-10,f6,-0.152593
2922,-5,fb,-0.076296
2923,4,04,0.061037
2924,4,04,0.061037
2925,6,06,0.091556
2926,7,07,0.106815
2927,5,05,0.076296
2928,5,05,0.076296
2929,3,03,0.045778
2930,3,03,0.045778
2931,1,01,0.015259
2932,-1,ff,-0.015259
2933,0,00,0
2934,-1,ff,-0.015259
2935,-1,ff,-0.015259
2936,-1,ff,-0.015259
2937,-2,fe,-0.030519
2938,0,00,0
2939,-3,fd,-0.045778
2940,-3,fd,-0.045778
2941,-2,fe,-0.030519
2942,-3,fd,-0.045778
2943,-2,fe,-0.030519
2944,-2,fe,-0.030519
2945,-2,fe,-0.030519
2946,-1,ff,-0.015259
2947,-2,fe,-0.030519
2948,0,00,0
2949,0,00,0
2950,0,00,0
2951,1,01,0.015259
2952,0,00,0
2953,3,03,0.045778
2954,0,00,0
2955,0,00,0
2956,0,00,0
2957,-1,ff,-0.015259
2958,0,00,0
2959,0,00,0
2960,0,00,0
2961,0,00,0
2962,-1,ff,-0.015259
2963,0,00,0
2964,-2,fe,-0.030519
2965,-2,fe,-0.030519
2966,-3,fd,-0.045778
2967,-4,fc,-0.061037
2968,-3,fd,-0.045778
2969,-4,fc,-0.061037
2970,-4,fc,-0.061037
2971,-3,fd,-0.045778
2972,-4,fc,-0.061037
2973,-4,fc,-0.061037
2974,-4,fc,-0.061037
2975,-5,fb,-0.076296
2976,-5,fb,-0.076296
2977,-5,fb,-0.076296
2978,-4,fc,-0.061037
2979,-4,fc,-0.061037
2980,-3,fd,-0.045778
2981,-3,fd,-0.045778
2982,-4,fc,-0.061037
2983,0,00,0
2984,0,00,0
2985,-1,ff,-0.015259
2986,-1,ff,-0.015259
2987,-2,fe,-0.030519
2988,0,00,0
2989,0,00,0
2990,0,00,0
2991,0,00,0
2992,-1,ff,-0.015259
2993,0,00,0
2994,0,00,0
2995,0,00,0
2996,0,00,0
2997,0,00,0
2998,4,04,0.061037
2999,3,03,0.045778
3000,0,00,0
3001,0,00,0
3002,-1,ff,-0.015259
3003,0,00,0
3004,-1,ff,-0.015259
3005,0,00,0
3006,0,00,0
3007,-2,fe,-0.030519
3008,-1,ff,-0.015259
3009,-1,ff,-0.015259
3010,0,00,0
3011,0,00,0
3012,-2,fe,-0.030519
3013,1,01,0.015259
3014,-1,ff,-0.015259
3015,0,00,0
3016,0,00,0
3017,-1,ff,-0.015259
3018,0,00,0
3019,-1,ff,-0.015259
3020,0,00,0
3021,-1,ff,-0.015259
3022,-3,fd,-0.045778
3023,-2,fe,-0.030519
3024,-2,fe,-0.030519
3025,-1,ff,-0.015259
3026,-1,ff,-0.015259
3027,-2,fe,-0.030519
3028,1,01,0.015259
3029,-1,ff,-0.015259
3030,0,00,0
3031,-1,ff,-0.015259
3032,-3,fd,-0.045778
3033,-2,fe,-0.030519
3034,-2,fe,-0.030519
3035,-1,ff,-0.015259
3036,-1,ff,-0.015259
3037,-3,fd,-0.045778
3038,-1,ff,-0.015259
3039,-1,ff,-0.015259
3040,0,00,0
3041,0,00,0
3042,-2,fe,-0.030519
3043,1,01,0.015259
3044,-1,ff,-0.015259
3045,0,00,0
3046,0,00,0
3047,-2,fe,-0.030519
3048,-1,ff,-0.015259
3049,-2,fe,-0.030519
3050,-1,ff,-0.015259
3051,0,00,0
3052,-3,fd,-0.045778
3053,-2,fe,-0.030519
3054,-2,fe,-0.030519
3055,-1,ff,-0.015259
3056,-1,ff,-0.015259
3057,-2,fe,-0.030519
3058,1,01,0.015259
3059,-1,ff,-0.015259
3060,0,00,0
3061,0,00,0
3062,-2,fe,-0.030519
3063,0,00,0
3064,0,00,0
3065,0,00,0
3066,0,00,0
3067,-2,fe,-0.030519
3068,-1,ff,-0.015259
3069,-2,fe,-0.030519
3070,-2,fe,-0.030519
3071,-2,fe,-0.030519
3072,-4,fc,-0.061037
3073,-1,ff,-0.015259
3074,-4,fc,-0.061037
3075,-2,fe,-0.030519
3076,-1,ff,-0.015259
3077,-2,fe,-0.030519
3078,0,00,0
3079,-1,ff,-0.015259
3080,0,00,0
3081,0,00,0
3082,-2,fe,-0.030519
3083,0,00,0
3084,-1,ff,-0.015259
3085,0,00,0
3086,0,00,0
3087,0,00,0
3088,6,06,0.091556
3089,5,05,0.076296
3090,7,07,0.106815
3091,8,08,0.122074
3092,4,04,0.061037
3093,2,02,0.030519
3094,-3,fd,-0.045778
3095,-9,f7,-0.137333
3096,-16,f0,-0.244148
3097,-22,ea,-0.335704
3098,-22,ea,-0.335704
3099,-19,ed,-0.289926
3100,-13,f3,-0.19837
3101,-6,fa,-0.091556
3102,-1,ff,-0.015259
3103,7,07,0.106815
3104,6,06,0.091556
3105,8,08,0.122074
3106,8,08,0.122074
3107,5,05,0.076296
3108,6,06,0.091556
3109,3,03,0.045778
3110,2,02,0.030519
3111,1,01,0.015259
3112,0,00,0
3113,0,00,0
3114,-1,ff,-0.015259
3115,0,00,0
3116,-1,ff,-0.015259
3117,-2,fe,-0.030519
3118,1,01,0.015259
3119,-2,fe,-0.030519
3120,-2,fe,-0.030519
3121,-1,ff,-0.015259
3122,-1,ff,-0.015259
3123,0,00,0
3124,-1,ff,-0.015259
3125,-1,ff,-0.015259
3126,-1,ff,-0.015259
3127,-1,ff,-0.015259
3128,0,00,0
3129,-1,ff,-0.015259
3130,0,00,0
3131,-1,ff,-0.015259
3132,-2,fe,-0.030519
3133,1,01,0.015259
3134,-1,ff,-0.015259
3135,-1,ff,-0.015259
3136,0,00,0
3137,-1,ff,-0.015259
3138,0,00,0
3139,-1,ff,-0.015259
3140,0,00,0
3141,-1,ff,-0.015259
3142,-2,fe,-0.030519
3143,-2,fe,-0.030519
3144,-3,fd,-0.045778
3145,-2,fe,-0.030519
3146,-2,fe,-0.030519
3147,-3,fd,-0.045778
3148,0,00,0
3149,-4,fc,-0.061037
3150,-3,fd,-0.045778
3151,-4,fc,-0.061037
3152,-5,fb,-0.076296
3153,-4,fc,-0.061037
3154,-5,fb,-0.076296
3155,-4,fc,-0.061037
3156,-4,fc,-0.061037
3157,-5,fb,-0.076296
3158,-4,fc,-0.061037
3159,-4,fc,-0.061037
3160,-3,fd,-0.045778
3161,-3,fd,-0.045778
3162,-4,fc,-0.061037
3163,0,00,0
3164,-2,fe,-0.030519
3165,-1,ff,-0.015259
3166,0,00,0
3167,-1,ff,-0.015259
3168,0,00,0
3169,-1,ff,-0.015259
3170,0,00,0
3171,0,00,0
3172,-2,fe,-0.030519
3173,0,00,0
3174,0,00,0
3175,0,00,0
3176,0,00,0
3177,-1,ff,-0.015259
3178,2,02,0.030519
3179,0,00,0
3180,0,00,0
3181,0,00,0
3182,-1,ff,-0.015259
3183,0,00,0
3184,0,00,0
3185,-1,ff,-0.015259
3186,-1,ff,-0.015259
3187,-2,fe,-0.030519
3188,-1,ff,-0.015259
3189,-1,ff,-0.015259
3190,0,00,0
3191,0,00,0
3192,-1,ff,-0.015259
3193,2,02,0.030519
3194,-2,fe,-0.030519
3195,-2,fe,-0.030519
3196,-2,fe,-0.030519
3197,-3,fd,-0.045778
3198,-2,fe,-0.030519
3199,-2,fe,-0.030519
3200,-1,ff,-0.015259
3201,-2,fe,-0.030519
3202,-3,fd,-0.045778
3203,-2,fe,-0.030519
3204,-2,fe,-0.030519
3205,-2,fe,-0.030519
3206,0,00,0
3207,-2,fe,-0.030519
3208,1,01,0.015259
3209,-2,fe,-0.030519
3210,-1,ff,-0.015259
3211,-1,ff,-0.015259
3212,-2,fe,-0.030519
3213,-1,ff,-0.015259
3214,-1,ff,-0.015259
3215,0,00,0
3216,0,00,0
3217,-2,fe,-0.030519
3218,-1,ff,-0.015259
3219,-2,fe,-0.030519
3220,-1,ff,-0.015259
3221,-1,ff,-0.015259
3222,-3,fd,-0.045778
3223,0,00,0
3224,-3,fd,-0.045778
3225,-2,fe,-0.030519
3226,-1,ff,-0.015259
3227,-3,fd,-0.045778
3228,-2,fe,-0.030519
3229,-2,fe,-0.030519
3230,-1,ff,-0.015259
3231,-1,ff,-0.015259
3232,-2,fe,-0.030519
3233,0,00,0
3234,-1,ff,-0.015259
3235,0,00,0
3236,0,00,0
3237,-1,ff,-0.015259
3238,1,01,0.015259
3239,-1,ff,-0.015259
3240,-1,ff,-0.015259
3241,-1,ff,-0.015259
3242,-3,fd,-0.045778
3243,-3,fd,-0.045778
3244,-4,fc,-0.061037
3245,-2,fe,-0.030519
3246,-3,fd,-0.045778
3247,-3,fd,-0.045778
3248,-2,fe,-0.030519
3249,-2,fe,-0.030519
3250,-1,ff,-0.015259
3251,-1,ff,-0.015259
3252,-2,fe,-0.030519
3253,1,01,0.015259
3254,-1,ff,-0.015259
3255,0,00,0
3256,0,00,0
3257,0,00,0
3258,0,00,0
3259,0,00,0
3260,1,01,0.015259
3261,3,03,0.045778
3262,4,04,0.061037
3263,7,07,0.106815
3264,7,07,0.106815
3265,5,05,0.076296
3266,2,02,0.030519
3267,-3,fd,-0.045778
3268,-5,fb,-0.076296
3269,-15,f1,-0.228889
3270,-20,ec,-0.305185
3271,-21,eb,-0.320444
3272,-20,ec,-0.305185
3273,-13,f3,-0.19837
3274,-7,f9,-0.106815
3275,0,00,0
3276,3,03,0.045778
3277,6,06,0.091556
3278,8,08,0.122074
3279,7,07,0.106815
3280,7,07,0.106815
3281,6,06,0.091556
3282,3,03,0.045778
3283,5,05,0.076296
3284,0,00,0
3285,1,01,0.015259
3286,0,00,0
3287,-1,ff,-0.015259
3288,-1,ff,-0.015259
3289,-2,fe,-0.030519
3290,-2,fe,-0.030519
3291,-1,ff,-0.015259
3292,-2,fe,-0.030519
3293,-1,ff,-0.015259
3294,-2,fe,-0.030519
3295,-1,ff,-0.015259
3296,-1,ff,-0.015259
3297,-3,fd,-0.045778
3298,0,00,0
3299,-3,fd,-0.045778
3300,-1,ff,-0.015259
3301,-1,ff,-0.015259
3302,-2,fe,-0.030519
3303,-1,ff,-0.015259
3304,-1,ff,-0.015259
3305,0,00,0
3306,0,00,0
3307,0,00,0
3308,1,01,0.015259
3309,0,00,0
3310,1,01,0.015259
3311,1,01,0.015259
3312,0,00,0
3313,2,02,0.030519
3314,-2,fe,-0.030519
3315,-3,fd,-0.045778
3316,-4,fc,-0.061037
3317,-6,fa,-0.091556
3318,-6,fa,-0.091556
3319,-7,f9,-0.106815
3320,-6,fa,-0.091556
3321,-5,fb,-0.076296
3322,-6,fa,-0.091556
3323,-3,fd,-0.045778
3324,-3,fd,-0.045778
3325,-2,fe,-0.030519
3326,-2,fe,-0.030519
3327,-4,fc,-0.061037
3328,0,00,0
3329,-1,ff,-0.015259
3330,-4,fc,-0.061037
3331,-4,fc,-0.061037
3332,-5,fb,-0.076296
3333,-3,fd,-0.045778
3334,-4,fc,-0.061037
3335,-2,fe,-0.030519
3336,-2,fe,-0.030519
3337,-3,fd,-0.045778
3338,-2,fe,-0.030519
3339,-2,fe,-0.030519
3340,-1,ff,-0.015259
3341,0,00,0
3342,-2,fe,-0.030519
3343,2,02,0.030519
3344,0,00,0
3345,0,00,0
3346,1,01,0.015259
3347,0,00,0
3348,0,00,0
3349,0,00,0
3350,0,00,0
3351,0,00,0
3352,0,00,0
3353,0,00,0
3354,-1,ff,-0.015259
3355,0,00,0
3356,0,00,0
3357,-1,ff,-0.015259
3358,2,02,0.030519
3359,-1,ff,-0.015259
3360,0,00,0
3361,0,00,0
3362,-1,ff,-0.015259
3363,0,00,0
3364,0,00,0
3365,0,00,0
3366,0,00,0
3367,-2,fe,-0.030519
3368,-1,ff,-0.015259
3369,-1,ff,-0.015259
3370,0,00,0
3371,0,00,0
3372,-2,fe,-0.030519
3373,1,01,0.015259
3374,-2,fe,-0.030519
3375,-1,ff,-0.015259
3376,-1,ff,-0.015259
3377,-2,fe,-0.030519
3378,-2,fe,-0.030519
3379,-3,fd,-0.045778
3380,-2,fe,-0.030519
3381,-1,ff,-0.015259
3382,-2,fe,-0.030519
3383,-1,ff,-0.015259
3384,-2,fe,-0.030519
3385,-1,ff,-0.015259
3386,-2,fe,-0.030519
3387,-3,fd,-0.045778
3388,0,00,0
3389,-2,fe,-0.030519
3390,-1,ff,-0.015259
3391,-1,ff,-0.015259
3392,-2,fe,-0.030519
3393,-1,ff,-0.015259
3394,-2,fe,-0.030519
3395,-1,ff,-0.015259
3396,0,00,0
3397,-2,fe,-0.030519
3398,-1,ff,-0.015259
3399,-2,fe,-0.030519
3400,-1,ff,-0.015259
3401,0,00,0
3402,-2,fe,-0.030519
3403,1,01,0.015259
3404,-1,ff,-0.015259
3405,0,00,0
3406,-1,ff,-0.015259
3407,-2,fe,-0.030519
3408,-1,ff,-0.015259
3409,-1,ff,-0.015259
3410,0,00,0
3411,0,00,0
3412,-2,fe,-0.030519
3413,-1,ff,-0.015259
3414,-2,fe,-0.030519
3415,-1,ff,-0.015259
3416,-1,ff,-0.015259
3417,-1,ff,-0.015259
3418,1,01,0.015259
3419,-2,fe,-0.030519
3420,-2,fe,-0.030519
3421,-3,fd,-0.045778
3422,-5,fb,-0.076296
3423,-4,fc,-0.061037
3424,-4,fc,-0.061037
3425,-3,fd,-0.045778
3426,-2,fe,-0.030519
3427,-3,fd,-0.045778
3428,-2,fe,-0.030519
3429,-2,fe,-0.030519
3430,0,00,0
3431,0,00,0
3432,-1,ff,-0.015259
3433,2,02,0.030519
3434,2,02,0.030519
3435,0,00,0
3436,0,00,0
3437,0,00,0
3438,1,01,0.015259
3439,2,02,0.030519
3440,6,06,0.091556
3441,8,08,0.122074
3442,7,07,0.106815
3443,6,06,0.091556
3444,2,02,0.030519
3445,-1,ff,-0.015259
3446,-8,f8,-0.122074
3447,-16,f0,-0.244148
3448,-18,ee,-0.274667
3449,-24,e8,-0.366222
3450,-20,ec,-0.305185
3451,-15,f1,-0.228889
3452,-9,f7,-0.137333
3453,-2,fe,-0.030519
3454,2,02,0.030519
3455,6,06,0.091556
3456,7,07,0.106815
3457,7,07,0.106815
3458,7,07,0.106815
3459,4,04,0.061037
3460,4,04,0.061037
3461,3,03,0.045778
3462,0,00,0
3463,3,03,0.045778
3464,0,00,0
3465,0,00,0
3466,-1,ff,-0.015259
3467,-3,fd,-0.045778
3468,-2,fe,-0.030519
3469,-3,fd,-0.045778
3470,-2,fe,-0.030519
3471,-2,fe,-0.030519
3472,-3,fd,-0.045778
3473,-1,ff,-0.015259
3474,-1,ff,-0.015259
3475,-1,ff,-0.015259
3476,-1,ff,-0.015259
3477,-1,ff,-0.015259
3478,2,02,0.030519
3479,0,00,0
3480,0,00,0
3481,0,00,0
3482,-1,ff,-0.015259
3483,0,00,0
3484,0,00,0
3485,0,00,0
3486,0,00,0
3487,-1,ff,-0.015259
3488,0,00,0
3489,0,00,0
3490,0,00,0
3491,0,00,0
3492,-2,fe,-0.030519
3493,1,01,0.015259
3494,-2,fe,-0.030519
3495,-2,fe,-0.030519
3496,-3,fd,-0.045778
3497,-4,fc,-0.061037
3498,-2,fe,-0.030519
3499,-2,fe,-0.030519
3500,-2,fe,-0.030519
3501,-1,ff,-0.015259
3502,-3,fd,-0.045778
3503,-3,fd,-0.045778
3504,-5,fb,-0.076296
3505,-4,fc,-0.061037
3506,-4,fc,-0.061037
3507,-6,fa,-0.091556
3508,-2,fe,-0.030519
3509,-5,fb,-0.076296
3510,-5,fb,-0.076296
3511,-4,fc,-0.061037
3512,-5,fb,-0.076296
3513,-4,fc,-0.061037
3514,-4,fc,-0.061037
3515,-2,fe,-0.030519
3516,-2,fe,-0.030519
3517,-2,fe,-0.030519
3518,-1,ff,-0.015259
3519,-1,ff,-0.015259
3520,0,00,0
3521,0,00,0
3522,0,00,0
3523,4,04,0.061037
3524,0,00,0
3525,2,02,0.030519
3526,2,02,0.030519
3527,0,00,0
3528,0,00,0
3529,0,00,0
3530,0,00,0
3531,0,00,0
3532,-2,fe,-0.030519
3533,0,00,0
3534,-1,ff,-0.015259
3535,-1,ff,-0.015259
3536,-1,ff,-0.015259
3537,-3,fd,-0.045778
3538,0,00,0
3539,-3,fd,-0.045778
3540,-2,fe,-0.030519
3541,-2,fe,-0.030519
3542,-3,fd,-0.045778
3543,-2,fe,-0.030519
3544,-1,ff,-0.015259
3545,0,00,0
3546,0,00,0
3547,-1,ff,-0.015259
3548,0,00,0
3549,-1,ff,-0.015259
3550,0,00,0
3551,0,00,0
3552,-2,fe,-0.030519
3553,2,02,0.030519
3554,-1,ff,-0.015259
3555,0,00,0
3556,0,00,0
3557,-2,fe,-0.030519
3558,-1,ff,-0.015259
3559,-2,fe,-0.030519
3560,-1,ff,-0.015259
3561,0,00,0
3562,-2,fe,-0.030519
3563,-1,ff,-0.015259
3564,-2,fe,-0.030519
3565,-2,fe,-0.030519
3566,-2,fe,-0.030519
3567,-3,fd,-0.045778
3568,0,00,0
3569,-3,fd,-0.045778
3570,-2,fe,-0.030519
3571,-2,fe,-0.030519
3572,-3,fd,-0.045778
3573,-1,ff,-0.015259
3574,-1,ff,-0.015259
3575,0,00,0
3576,0,00,0
3577,-1,ff,-0.015259
3578,0,00,0
3579,0,00,0
3580,0,00,0
3581,-1,ff,-0.015259
3582,-3,fd,-0.045778
3583,0,00,0
3584,-2,fe,-0.030519
3585,0,00,0
3586,0,00,0
3587,-2,fe,-0.030519
3588,-1,ff,-0.015259
3589,0,00,0
3590,0,00,0
3591,0,00,0
3592,-1,ff,-0.015259
3593,0,00,0
3594,-1,ff,-0.015259
3595,0,00,0
3596,-1,ff,-0.015259
3597,-4,fc,-0.061037
3598,0,00,0
3599,-4,fc,-0.061037
3600,-2,fe,-0.030519
3601,-2,fe,-0.030519
3602,-3,fd,-0.045778
3603,-1,ff,-0.015259
3604,-2,fe,-0.030519
3605,-1,ff,-0.015259
3606,-1,ff,-0.015259
3607,-2,fe,-0.030519
3608,0,00,0
3609,-1,ff,-0.015259
3610,0,00,0
3611,0,00,0
3612,-1,ff,-0.015259
3613,2,02,0.030519
3614,0,00,0
3615,1,01,0.015259
3616,4,04,0.061037
3617,5,05,0.076296
3618,8,08,0.122074
3619,7,07,0.106815
3620,6,06,0.091556
3621,1,01,0.015259
3622,-5,fb,-0.076296
3623,-10,f6,-0.152593
3624,-18,ee,-0.274667
3625,-21,eb,-0.320444
3626,-21,eb,-0.320444
3627,-19,ed,-0.289926
3628,-9,f7,-0.137333
3629,-6,fa,-0.091556
3630,0,00,0
3631,4,04,0.061037
3632,5,05,0.076296
3633,7,07,0.106815
3634,7,07,0.106815
3635,7,07,0.106815
3636,6,06,0.091556
3637,3,03,0.045778
3638,3,03,0.045778
3639,1,01,0.015259
3640,0,00,0
3641,0,00,0
3642,-2,fe,-0.030519
3643,0,00,0
3644,-3,fd,-0.045778
3645,-2,fe,-0.030519
3646,-2,fe,-0.030519
3647,-4,fc,-0.061037
3648,-3,fd,-0.045778
3649,-4,fc,-0.061037
3650,-4,fc,-0.061037
3651,-4,fc,-0.061037
3652,-6,fa,-0.091556
3653,-6,fa,-0.091556
3654,-7,f9,-0.106815
3655,-5,fb,-0.076296
3656,-4,fc,-0.061037
3657,-4,fc,-0.061037
3658,0,00,0
3659,-3,fd,-0.045778
3660,-1,ff,-0.015259
3661,0,00,0
3662,0,00,0
3663,1,01,0.015259
3664,0,00,0
3665,1,01,0.015259
3666,1,01,0.015259
3667,0,00,0
3668,1,01,0.015259
3669,0,00,0
3670,0,00,0
3671,0,00,0
3672,-1,ff,-0.015259
3673,2,02,0.030519
3674,-1,ff,-0.015259
3675,-1,ff,-0.015259
3676,-1,ff,-0.015259
3677,-2,fe,-0.030519
3678,-1,ff,-0.015259
3679,-2,fe,-0.030519
3680,-1,ff,-0.015259
3681,-2,fe,-0.030519
3682,-3,fd,-0.045778
3683,-3,fd,-0.045778
3684,-4,fc,-0.061037
3685,-3,fd,-0.045778
3686,-3,fd,-0.045778
3687,-4,fc,-0.061037
3688,0,00,0
3689,-3,fd,-0.045778
3690,-2,fe,-0.030519
3691,-2,fe,-0.030519
3692,-3,fd,-0.045778
3693,-1,ff,-0.015259
3694,-1,ff,-0.015259
3695,0,00,0
3696,0,00,0
3697,0,00,0
3698,0,00,0
3699,0,00,0
3700,0,00,0
3701,0,00,0
3702,-1,ff,-0.015259
3703,1,01,0.015259
3704,-2,fe,-0.030519
3705,-1,ff,-0.015259
3706,-2,fe,-0.030519
3707,-4,fc,-0.061037
3708,-3,fd,-0.045778
3709,-3,fd,-0.045778
3710,-2,fe,-0.030519
3711,-1,ff,-0.015259
3712,-2,fe,-0.030519
3713,-1,ff,-0.015259
3714,-1,ff,-0.015259
3715,0,00,0
3716,1,01,0.015259
3717,0,00,0
3718,5,05,0.076296
3719,1,01,0.015259
3720,2,02,0.030519
3721,1,01,0.015259
3722,0,00,0
3723,1,01,0.015259
3724,0,00,0
3725,0,00,0
3726,0,00,0
3727,-1,ff,-0.015259
3728,0,00,0
3729,0,00,0
3730,0,00,0
3731,0,00,0
3732,-1,ff,-0.015259
3733,1,01,0.015259
3734,-3,fd,-0.045778
3735,-2,fe,-0.030519
3736,-2,fe,-0.030519
3737,-3,fd,-0.045778
3738,-2,fe,-0.030519
3739,-3,fd,-0.045778
3740,-2,fe,-0.030519
3741,-1,ff,-0.015259
3742,-1,ff,-0.015259
3743,0,00,0
3744,-1,ff,-0.015259
3745,-2,fe,-0.030519
3746,-2,fe,-0.030519
3747,-3,fd,-0.045778
3748,0,00,0
3749,-2,fe,-0.030519
3750,-1,ff,-0.015259
3751,-2,fe,-0.030519
3752,-3,fd,-0.045778
3753,-1,ff,-0.015259
3754,-2,fe,-0.030519
3755,-1,ff,-0.015259
3756,-1,ff,-0.015259
3757,-2,fe,-0.030519
3758,-1,ff,-0.015259
3759,-2,fe,-0.030519
3760,0,00,0
3761,0,00,0
3762,-1,ff,-0.015259
3763,2,02,0.030519
3764,-1,ff,-0.015259
3765,-1,ff,-0.015259
3766,-1,ff,-0.015259
3767,-3,fd,-0.045778
3768,-3,fd,-0.045778
3769,-4,fc,-0.061037
3770,-3,fd,-0.045778
3771,-2,fe,-0.030519
3772,-3,fd,-0.045778
3773,-2,fe,-0.030519
3774,-2,fe,-0.030519
3775,-1,ff,-0.015259
3776,-1,ff,-0.015259
3777,-2,fe,-0.030519
3778,2,02,0.030519
3779,-1,ff,-0.015259
3780,0,00,0
3781,0,00,0
3782,0,00,0
3783,0,00,0
3784,0,00,0
3785,3,03,0.045778
3786,5,05,0.076296
3787,5,05,0.076296
3788,6,06,0.091556
3789,3,03,0.045778
3790,2,02,0.030519
3791,-2,fe,-0.030519
3792,-8,f8,-0.122074
3793,-10,f6,-0.152593
3794,-19,ed,-0.289926
3795,-20,ec,-0.305185
3796,-19,ed,-0.289926
3797,-15,f1,-0.228889
3798,-9,f7,-0.137333
3799,-2,fe,-0.030519
3800,3,03,0.045778
3801,7,07,0.106815
3802,7,07,0.106815
3803,8,08,0.122074
3804,7,07,0.106815
3805,7,07,0.106815
3806,5,05,0.076296
3807,1,01,0.015259
3808,4,04,0.061037
3809,0,00,0
3810,0,00,0
3811,-2,fe,-0.030519
3812,-4,fc,-0.061037
3813,-3,fd,-0.045778
3814,-3,fd,-0.045778
3815,-2,fe,-0.030519
3816,-1,ff,-0.015259
3817,-2,fe,-0.030519
3818,-1,ff,-0.015259
3819,-1,ff,-0.015259
3820,0,00,0
3821,-1,ff,-0.015259
3822,-2,fe,-0.030519
3823,1,01,0.015259
3824,-1,ff,-0.015259
3825,0,00,0
3826,0,00,0
3827,0,00,0
3828,0,00,0
3829,0,00,0
3830,0,00,0
3831,0,00,0
3832,-1,ff,-0.015259
3833,0,00,0
3834,-1,ff,-0.015259
3835,0,00,0
3836,0,00,0
3837,-1,ff,-0.015259
3838,1,01,0.015259
3839,-3,fd,-0.045778
3840,-3,fd,-0.045778
3841,-3,fd,-0.045778
3842,-5,fb,-0.076296
3843,-4,fc,-0.061037
3844,-5,fb,-0.076296
3845,-4,fc,-0.061037
3846,-4,fc,-0.061037
3847,-5,fb,-0.076296
3848,-4,fc,-0.061037
3849,-4,fc,-0.061037
3850,-4,fc,-0.061037
3851,-4,fc,-0.061037
3852,-6,fa,-0.091556
3853,-2,fe,-0.030519
3854,-5,fb,-0.076296
3855,-3,fd,-0.045778
3856,-2,fe,-0.030519
3857,-3,fd,-0.045778
3858,-2,fe,-0.030519
3859,-2,fe,-0.030519
3860,-1,ff,-0.015259
3861,-1,ff,-0.015259
3862,-2,fe,-0.030519
3863,-1,ff,-0.015259
3864,-1,ff,-0.015259
3865,0,00,0
3866,0,00,0
3867,0,00,0
3868,2,02,0.030519
3869,0,00,0
3870,0,00,0
3871,0,00,0
3872,0,00,0
3873,0,00,0
3874,-1,ff,-0.015259
3875,0,00,0
3876,0,00,0
3877,-1,ff,-0.015259
3878,0,00,0
3879,0,00,0
3880,1,01,0.015259
3881,1,01,0.015259
3882,0,00,0
3883,2,02,0.030519
3884,-1,ff,-0.015259
3885,0,00,0
3886,0,00,0
3887,-1,ff,-0.015259
3888,-1,ff,-0.015259
3889,-2,fe,-0.030519
3890,-1,ff,-0.015259
3891,-1,ff,-0.015259
3892,-2,fe,-0.030519
3893,-1,ff,-0.015259
3894,-2,fe,-0.030519
3895,-1,ff,-0.015259
3896,-1,ff,-0.015259
3897,-3,fd,-0.045778
3898,0,00,0
3899,-3,fd,-0.045778
3900,-2,fe,-0.030519
3901,-2,fe,-0.030519
3902,-3,fd,-0.045778
3903,-2,fe,-0.030519
3904,-3,fd,-0.045778
3905,-1,ff,-0.015259
3906,0,00,0
3907,-2,fe,-0.030519
3908,-1,ff,-0.015259
3909,-1,ff,-0.015259
3910,0,00,0
3911,-1,ff,-0.015259
3912,-3,fd,-0.045778
3913,0,00,0
3914,-2,fe,-0.030519
3915,0,00,0
3916,0,00,0
3917,-2,fe,-0.030519
3918,-1,ff,-0.015259
3919,-2,fe,-0.030519
3920,0,00,0
3921,-1,ff,-0.015259
3922,-3,fd,-0.045778
3923,-2,fe,-0.030519
3924,-2,fe,-0.030519
3925,-1,ff,-0.015259
3926,-1,ff,-0.015259
3927,-2,fe,-0.030519
3928,0,00,0
3929,-2,fe,-0.030519
3930,0,00,0
3931,0,00,0
3932,-1,ff,-0.015259
3933,-1,ff,-0.015259
3934,-2,fe,-0.030519
3935,-1,ff,-0.015259
3936,-1,ff,-0.015259
3937,-3,fd,-0.045778
3938,-3,fd,-0.045778
3939,-4,fc,-0.061037
3940,-2,fe,-0.030519
3941,-1,ff,-0.015259
3942,-2,fe,-0.030519
3943,2,02,0.030519
3944,0,00,0
3945,1,01,0.015259
3946,1,01,0.015259
3947,0,00,0
3948,1,01,0.015259
3949,0,00,0
3950,1,01,0.015259
3951,1,01,0.015259
3952,0,00,0
3953,0,00,0
3954,0,00,0
3955,2,02,0.030519
3956,4,04,0.061037
3957,4,04,0.061037
3958,8,08,0.122074
3959,2,02,0.030519
3960,0,00,0
3961,-5,fb,-0.076296
3962,-11,f5,-0.167852
3963,-16,f0,-0.244148
3964,-21,eb,-0.320444
3965,-21,eb,-0.320444
3966,-18,ee,-0.274667
3967,-15,f1,-0.228889
3968,-8,f8,-0.122074
3969,-2,fe,-0.030519
3970,3,03,0.045778
3971,6,06,0.091556
3972,6,06,0.091556
3973,9,09,0.137333
3974,4,04,0.061037
3975,4,04,0.061037
3976,3,03,0.045778
3977,0,00,0
3978,1,01,0.015259
3979,0,00,0
3980,0,00,0
3981,-1,ff,-0.015259
3982,-2,fe,-0.030519
3983,-1,ff,-0.015259
3984,-1,ff,-0.015259
3985,0,00,0
3986,-1,ff,-0.015259
3987,-2,fe,-0.030519
3988,1,01,0.015259
3989,-2,fe,-0.030519
3990,0,00,0
3991,0,00,0
3992,-2,fe,-0.030519
3993,-1,ff,-0.015259
3994,-1,ff,-0.015259
3995,0,00,0
3996,0,00,0
3997,-1,ff,-0.015259
3998,0,00,0
3999,-1,ff,-0.015259
4000,0,00,0
4001,0,00,0
4002,-2,fe,-0.030519
4003,1,01,0.015259
4004,-1,ff,-0.015259
4005,0,00,0
4006,0,00,0
4007,-1,ff,-0.015259
4008,0,00,0
4009,-1,ff,-0.015259
4010,0,00,0
4011,-1,ff,-0.015259
4012,-3,fd,-0.045778
4013,-2,fe,-0.030519
4014,-4,fc,-0.061037
4015,-3,fd,-0.045778
4016,-3,fd,-0.045778
4017,-5,fb,-0.076296
4018,-1,ff,-0.015259
4019,-4,fc,-0.061037
4020,-4,fc,-0.061037
4021,-4,fc,-0.061037
4022,-5,fb,-0.076296
4023,-3,fd,-0.045778
4024,-4,fc,-0.061037
4025,-3,fd,-0.045778
4026,-3,fd,-0.045778
4027,-4,fc,-0.061037
4028,-3,fd,-0.045778
4029,-4,fc,-0.061037
4030,-3,fd,-0.045778
4031,-3,fd,-0.045778
4032,-4,fc,-0.061037
4033,0,00,0
4034,-2,fe,-0.030519
4035,-1,ff,-0.015259
4036,-1,ff,-0.015259
4037,-2,fe,-0.030519
4038,0,00,0
4039,0,00,0
4040,0,00,0
4041,0,00,0
4042,-1,ff,-0.015259
4043,0,00,0
4044,0,00,0
4045,0,00,0
4046,0,00,0
4047,-1,ff,-0.015259
4048,2,02,0.030519
4049,0,00,0
4050,0,00,0
4051,0,00,0
4052,0,00,0
4053,0,00,0
4054,0,00,0
4055,0,00,0
4056,0,00,0
4057,-1,ff,-0.015259
4058,0,00,0
4059,-2,fe,-0.030519
4060,-1,ff,-0.015259
4061,-2,fe,-0.030519
4062,-3,fd,-0.045778
4063,0,00,0
4064,-1,ff,-0.015259
4065,0,00,0
4066,0,00,0
4067,-1,ff,-0.015259
4068,0,00,0
4069,-1,ff,-0.015259
4070,0,00,0
4071,0,00,0
4072,-2,fe,-0.030519
4073,-1,ff,-0.015259
4074,-2,fe,-0.030519
4075,-1,ff,-0.015259
4076,-1,ff,-0.015259
4077,-3,fd,-0.045778
4078,0,00,0
4079,-2,fe,-0.030519
4080,0,00,0
4081,0,00,0
4082,-2,fe,-0.030519
4083,-1,ff,-0.015259
4084,-1,ff,-0.015259
4085,0,00,0
4086,0,00,0
4087,-2,fe,-0.030519
4088,0,00,0
4089,-1,ff,-0.015259
4090,0,00,0
4091,0,00,0
4092,-2,fe,-0.030519
4093,1,01,0.015259
4094,-1,ff,-0.015259
4095,0,00,0
4096,0,00,0
4097,-2,fe,-0.030519
4098,-1,ff,-0.015259
4099,-1,ff,-0.015259
4100,0,00,0
4101,0,00,0
4102,-2,fe,-0.030519
4103,-1,ff,-0.015259
4104,-1,ff,-0.015259
4105,-1,ff,-0.015259
4106,-2,fe,-0.030519
4107,-3,fd,-0.045778
4108,0,00,0
4109,-3,fd,-0.045778
4110,-2,fe,-0.030519
4111,-2,fe,-0.030519
4112,-3,fd,-0.045778
4113,-2,fe,-0.030519
4114,-2,fe,-0.030519
4115,0,00,0
4116,0,00,0
4117,-2,fe,-0.030519
4118,-1,ff,-0.015259
4119,-1,ff,-0.015259
4120,0,00,0
4121,0,00,0
4122,-1,ff,-0.015259
4123,2,02,0.030519
4124,0,00,0
4125,0,00,0
4126,1,01,0.015259
4127,2,02,0.030519
4128,6,06,0.091556
4129,7,07,0.106815
4130,7,07,0.106815
4131,5,05,0.076296
4132,0,00,0
4133,-4,fc,-0.061037
4134,-11,f5,-0.167852
4135,-17,ef,-0.259407
4136,-21,eb,-0.320444
4137,-22,ea,-0.335704
4138,-16,f0,-0.244148
4139,-13,f3,-0.19837
4140,-5,fb,-0.076296
4141,0,00,0
4142,3,03,0.045778
4143,6,06,0.091556
4144,7,07,0.106815
4145,7,07,0.106815
4146,6,06,0.091556
4147,3,03,0.045778
4148,3,03,0.045778
4149,0,00,0
4150,0,00,0
4151,0,00,0
4152,-2,fe,-0.030519
4153,1,01,0.015259
4154,-2,fe,-0.030519
4155,-1,ff,-0.015259
4156,-1,ff,-0.015259
4157,-2,fe,-0.030519
4158,-1,ff,-0.015259
4159,-2,fe,-0.030519
4160,-1,ff,-0.015259
4161,-1,ff,-0.015259
4162,-2,fe,-0.030519
4163,-1,ff,-0.015259
4164,-2,fe,-0.030519
4165,0,00,0
4166,0,00,0
4167,-2,fe,-0.030519
4168,0,00,0
4169,-2,fe,-0.030519
4170,-1,ff,-0.015259
4171,-2,fe,-0.030519
4172,-3,fd,-0.045778
4173,-1,ff,-0.015259
4174,-2,fe,-0.030519
4175,0,00,0
4176,0,00,0
4177,0,00,0
4178,0,00,0
4179,0,00,0
4180,0,00,0
4181,0,00,0
4182,-3,fd,-0.045778
4183,-1,ff,-0.015259
4184,-4,fc,-0.061037
4185,-3,fd,-0.045778
4186,-3,fd,-0.045778
4187,-4,fc,-0.061037
4188,-3,fd,-0.045778
4189,-4,fc,-0.061037
4190,-3,fd,-0.045778
4191,-3,fd,-0.045778
4192,-5,fb,-0.076296
4193,-4,fc,-0.061037
4194,-5,fb,-0.076296
4195,-4,fc,-0.061037
4196,-5,fb,-0.076296
4197,-6,fa,-0.091556
4198,-3,fd,-0.045778
4199,-5,fb,-0.076296
4200,-4,fc,-0.061037
4201,-4,fc,-0.061037
4202,-4,fc,-0.061037
4203,-2,fe,-0.030519
4204,-3,fd,-0.045778
4205,-1,ff,-0.015259
4206,-1,ff,-0.015259
4207,-2,fe,-0.030519
4208,0,00,0
4209,0,00,0
4210,0,00,0
4211,0,00,0
4212,0,00,0
4213,3,03,0.045778
4214,0,00,0
4215,1,01,0.015259
4216,0,00,0
4217,0,00,0
4218,0,00,0
4219,-1,ff,-0.015259
4220,0,00,0
4221,0,00,0
4222,-1,ff,-0.015259
4223,0,00,0
4224,-1,ff,-0.015259
4225,0,00,0
4226,0,00,0
4227,0,00,0
4228,2,02,0.030519
4229,0,00,0
4230,0,00,0
4231,0,00,0
4232,-2,fe,-0.030519
4233,0,00,0
4234,-1,ff,-0.015259
4235,0,00,0
4236,0,00,0
4237,-1,ff,-0.015259
4238,0,00,0
4239,-1,ff,-0.015259
4240,0,00,0
4241,0,00,0
4242,-2,fe,-0.030519
4243,0,00,0
4244,-2,fe,-0.030519
4245,-2,fe,-0.030519
4246,-2,fe,-0.030519
4247,-3,fd,-0.045778
4248,-3,fd,-0.045778
4249,-3,fd,-0.045778
4250,-1,ff,-0.015259
4251,-1,ff,-0.015259
4252,-2,fe,-0.030519
4253,-1,ff,-0.015259
4254,-2,fe,-0.030519
4255,-1,ff,-0.015259
4256,-1,ff,-0.015259
4257,-2,fe,-0.030519
4258,0,00,0
4259,-2,fe,-0.030519
4260,-1,ff,-0.015259
4261,-1,ff,-0.015259
4262,-2,fe,-0.030519
4263,-1,ff,-0.015259
4264,-1,ff,-0.015259
4265,0,00,0
4266,0,00,0
4267,-1,ff,-0.015259
4268,0,00,0
4269,0,00,0
4270,0,00,0
4271,0,00,0
4272,-1,ff,-0.015259
4273,1,01,0.015259
4274,-1,ff,-0.015259
4275,-1,ff,-0.015259
4276,-2,fe,-0.030519
4277,-4,fc,-0.061037
4278,-4,fc,-0.061037
4279,-4,fc,-0.061037
4280,-3,fd,-0.045778
4281,-3,fd,-0.045778
4282,-3,fd,-0.045778
4283,-2,fe,-0.030519
4284,-3,fd,-0.045778
4285,-1,ff,-0.015259
4286,-1,ff,-0.015259
4287,-2,fe,-0.030519
4288,0,00,0
4289,-2,fe,-0.030519
4290,-1,ff,-0.015259
4291,-1,ff,-0.015259
4292,-1,ff,-0.015259
4293,0,00,0
4294,0,00,0
4295,0,00,0
4296,0,00,0
4297,0,00,0
4298,1,01,0.015259
4299,3,03,0.045778
4300,6,06,0.091556
4301,8,08,0.122074
4302,7,07,0.106815
4303,7,07,0.106815
4304,0,00,0
4305,-4,fc,-0.061037
4306,-11,f5,-0.167852
4307,-19,ed,-0.289926
4308,-21,eb,-0.320444
4309,-21,eb,-0.320444
4310,-16,f0,-0.244148
4311,-10,f6,-0.152593
4312,-3,fd,-0.045778
4313,2,02,0.030519
4314,4,04,0.061037
4315,7,07,0.106815
4316,7,07,0.106815
4317,5,05,0.076296
4318,7,07,0.106815
4319,2,02,0.030519
4320,2,02,0.030519
4321,2,02,0.030519
4322,0,00,0
4323,0,00,0
4324,-1,ff,-0.015259
4325,-1,ff,-0.015259
4326,-2,fe,-0.030519
4327,-2,fe,-0.030519
4328,-1,ff,-0.015259
4329,-2,fe,-0.030519
4330,-1,ff,-0.015259
4331,-1,ff,-0.015259
4332,-1,ff,-0.015259
4333,1,01,0.015259
4334,-1,ff,-0.015259
4335,0,00,0
4336,0,00,0
4337,-1,ff,-0.015259
4338,0,00,0
4339,-1,ff,-0.015259
4340,0,00,0
4341,-1,ff,-0.015259
4342,-1,ff,-0.015259
4343,0,00,0
4344,0,00,0
4345,0,00,0
4346,0,00,0
4347,-1,ff,-0.015259
4348,2,02,0.030519
4349,-2,fe,-0.030519
4350,-1,ff,-0.015259
4351,-2,fe,-0.030519
4352,-3,fd,-0.045778
4353,-2,fe,-0.030519
4354,-3,fd,-0.045778
4355,-3,fd,-0.045778
4356,-3,fd,-0.045778
4357,-4,fc,-0.061037
4358,-3,fd,-0.045778
4359,-4,fc,-0.061037
4360,-3,fd,-0.045778
4361,-3,fd,-0.045778
4362,-4,fc,-0.061037
4363,-1,ff,-0.015259
4364,-4,fc,-0.061037
4365,-4,fc,-0.061037
4366,-4,fc,-0.061037
4367,-5,fb,-0.076296
4368,-4,fc,-0.061037
4369,-5,fb,-0.076296
4370,-3,fd,-0.045778
4371,-3,fd,-0.045778
4372,-4,fc,-0.061037
4373,-2,fe,-0.030519
4374,-3,fd,-0.045778
4375,-2,fe,-0.030519
4376,-2,fe,-0.030519
4377,-3,fd,-0.045778
4378,0,00,0
4379,1,01,0.015259
4380,0,00,0
4381,0,00,0
4382,0,00,0
4383,1,01,0.015259
4384,0,00,0
4385,1,01,0.015259
4386,0,00,0
4387,0,00,0
4388,0,00,0
4389,-1,ff,-0.015259
4390,0,00,0
4391,-1,ff,-0.015259
4392,-2,fe,-0.030519
4393,1,01,0.015259
4394,-2,fe,-0.030519
4395,0,00,0
4396,-1,ff,-0.015259
4397,-2,fe,-0.030519
4398,-1,ff,-0.015259
4399,-2,fe,-0.030519
4400,-1,ff,-0.015259
4401,0,00,0
4402,-1,ff,-0.015259
4403,0,00,0
4404,-1,ff,-0.015259
4405,0,00,0
4406,-1,ff,-0.015259
4407,-2,fe,-0.030519
4408,0,00,0
4409,-2,fe,-0.030519
4410,-1,ff,-0.015259
4411,-1,ff,-0.015259
4412,-3,fd,-0.045778
4413,-1,ff,-0.015259
4414,-2,fe,-0.030519
4415,-1,ff,-0.015259
4416,-2,fe,-0.030519
4417,-3,fd,-0.045778
4418,-1,ff,-0.015259
4419,-2,fe,-0.030519
4420,-1,ff,-0.015259
4421,-1,ff,-0.015259
4422,-2,fe,-0.030519
4423,0,00,0
4424,-2,fe,-0.030519
4425,-1,ff,-0.015259
4426,-1,ff,-0.015259
4427,-1,ff,-0.015259
4428,0,00,0
4429,-1,ff,-0.015259
4430,-1,ff,-0.015259
4431,-1,ff,-0.015259
4432,-3,fd,-0.045778
4433,-2,fe,-0.030519
4434,-3,fd,-0.045778
4435,-1,ff,-0.015259
4436,-1,ff,-0.015259
4437,-2,fe,-0.030519
4438,0,00,0
4439,-2,fe,-0.030519
4440,0,00,0
4441,0,00,0
4442,-1,ff,-0.015259
4443,0,00,0
4444,0,00,0
4445,0,00,0
4446,0,00,0
4447,-2,fe,-0.030519
4448,-2,fe,-0.030519
4449,-4,fc,-0.061037
4450,-3,fd,-0.045778
4451,-4,fc,-0.061037
4452,-5,fb,-0.076296
4453,-2,fe,-0.030519
4454,-5,fb,-0.076296
4455,-3,fd,-0.045778
4456,-3,fd,-0.045778
4457,-3,fd,-0.045778
4458,-1,ff,-0.015259
4459,-2,fe,-0.030519
4460,-1,ff,-0.015259
4461,-1,ff,-0.015259
4462,-2,fe,-0.030519
4463,0,00,0
4464,-1,ff,-0.015259
4465,0,00,0
4466,0,00,0
4467,0,00,0
4468,4,04,0.061037
4469,4,04,0.061037
4470,6,06,0.091556
4471,6,06,0.091556
4472,4,04,0.061037
4473,2,02,0.030519
4474,-2,fe,-0.030519
4475,-7,f9,-0.106815
4476,-15,f1,-0.228889
4477,-20,ec,-0.305185
4478,-20,ec,-0.305185
4479,-19,ed,-0.289926
4480,-13,f3,-0.19837
4481,-6,fa,-0.091556
4482,-1,ff,-0.015259
4483,5,05,0.076296
4484,5,05,0.076296
4485,7,07,0.106815
4486,7,07,0.106815
4487,6,06,0.091556
4488,6,06,0.091556
4489,3,03,0.045778
4490,2,02,0.030519
4491,0,00,0
4492,-1,ff,-0.015259
4493,0,00,0
4494,-2,fe,-0.030519
4495,-1,ff,-0.015259
4496,-2,fe,-0.030519
4497,-2,fe,-0.030519
4498,0,00,0
4499,-2,fe,-0.030519
4500,-1,ff,-0.015259
4501,-1,ff,-0.015259
4502,-1,ff,-0.015259
4503,0,00,0
4504,-1,ff,-0.015259
4505,0,00,0
4506,0,00,0
4507,-1,ff,-0.015259
4508,0,00,0
4509,-1,ff,-0.015259
4510,-1,ff,-0.015259
4511,-1,ff,-0.015259
4512,-2,fe,-0.030519
4513,0,00,0
4514,-1,ff,-0.015259
4515,-1,ff,-0.015259
4516,0,00,0
4517,-1,ff,-0.015259
4518,0,00,0
4519,-1,ff,-0.015259
4520,-1,ff,-0.015259
4521,-1,ff,-0.015259
4522,-3,fd,-0.045778
4523,-1,ff,-0.015259
4524,-3,fd,-0.045778
4525,-2,fe,-0.030519
4526,-2,fe,-0.030519
4527,-4,fc,-0.061037
4528,-2,fe,-0.030519
4529,-5,fb,-0.076296
4530,-4,fc,-0.061037
4531,-4,fc,-0.061037
4532,-5,fb,-0.076296
4533,-4,fc,-0.061037
4534,-5,fb,-0.076296
4535,-4,fc,-0.061037
4536,-3,fd,-0.045778
4537,-4,fc,-0.061037
4538,-3,fd,-0.045778
4539,-4,fc,-0.061037
4540,-3,fd,-0.045778
4541,-3,fd,-0.045778
4542,-4,fc,-0.061037
4543,-1,ff,-0.015259
4544,-4,fc,-0.061037
4545,-3,fd,-0.045778
4546,-1,ff,-0.015259
4547,-1,ff,-0.015259
4548,0,00,0
4549,0,00,0
4550,1,01,0.015259
4551,2,02,0.030519
4552,1,01,0.015259
4553,1,01,0.015259
4554,0,00,0
4555,0,00,0
4556,0,00,0
4557,0,00,0
4558,1,01,0.015259
4559,0,00,0
4560,0,00,0
4561,0,00,0
4562,-1,ff,-0.015259
4563,0,00,0
4564,-1,ff,-0.015259
4565,-1,ff,-0.015259
4566,-1,ff,-0.015259
4567,-2,fe,-0.030519
4568,-1,ff,-0.015259
4569,-2,fe,-0.030519
4570,0,00,0
4571,0,00,0
4572,-1,ff,-0.015259
4573,1,01,0.015259
4574,-1,ff,-0.015259
4575,-1,ff,-0.015259
4576,-1,ff,-0.015259
4577,-2,fe,-0.030519
4578,-1,ff,-0.015259
4579,-2,fe,-0.030519
4580,-1,ff,-0.015259
4581,-1,ff,-0.015259
4582,-2,fe,-0.030519
4583,-1,ff,-0.015259
4584,-3,fd,-0.045778
4585,-1,ff,-0.015259
4586,-1,ff,-0.015259
4587,-2,fe,-0.030519
4588,1,01,0.015259
4589,-1,ff,-0.015259
4590,0,00,0
4591,0,00,0
4592,-1,ff,-0.015259
4593,0,00,0
4594,-2,fe,-0.030519
4595,-1,ff,-0.015259
4596,-2,fe,-0.030519
4597,-2,fe,-0.030519
4598,0,00,0
4599,-1,ff,-0.015259
4600,0,00,0
4601,-1,ff,-0.015259
4602,-2,fe,-0.030519
4603,0,00,0
4604,-2,fe,-0.030519
4605,-2,fe,-0.030519
4606,-1,ff,-0.015259
4607,-2,fe,-0.030519
4608,0,00,0
4609,-1,ff,-0.015259
4610,0,00,0
4611,0,00,0
4612,-2,fe,-0.030519
4613,-1,ff,-0.015259
4614,-4,fc,-0.061037
4615,-3,fd,-0.045778
4616,-3,fd,-0.045778
4617,-4,fc,-0.061037
4618,-1,ff,-0.015259
4619,-3,fd,-0.045778
4620,-1,ff,-0.015259
4621,-1,ff,-0.015259
4622,-2,fe,-0.030519
4623,-1,ff,-0.015259
4624,-2,fe,-0.030519
4625,0,00,0
4626,0,00,0
4627,-1,ff,-0.015259
4628,0,00,0
4629,0,00,0
4630,0,00,0
4631,0,00,0
4632,1,01,0.015259
4633,5,05,0.076296
4634,5,05,0.076296
4635,6,06,0.091556
4636,5,05,0.076296
4637,1,01,0.015259
4638,-2,fe,-0.030519
4639,-8,f8,-0.122074
4640,-15,f1,-0.228889
4641,-21,eb,-0.320444
4642,-22,ea,-0.335704
4643,-19,ed,-0.289926
4644,-15,f1,-0.228889
4645,-7,f9,-0.106815
4646,-1,ff,-0.015259
4647,2,02,0.030519
4648,8,08,0.122074
4649,6,06,0.091556
4650,7,07,0.106815
4651,6,06,0.091556
4652,4,04,0.061037
4653,3,03,0.045778
4654,0,00,0
4655,0,00,0
4656,0,00,0
4657,-2,fe,-0.030519
4658,-1,ff,-0.015259
4659,-2,fe,-0.030519
4660,-1,ff,-0.015259
4661,-1,ff,-0.015259
4662,-2,fe,-0.030519
4663,0,00,0
4664,-2,fe,-0.030519
4665,0,00,0
4666,-1,ff,-0.015259
4667,-2,fe,-0.030519
4668,-1,ff,-0.015259
4669,-3,fd,-0.045778
4670,0,00,0
4671,0,00,0
4672,0,00,0
4673,1,01,0.015259
4674,0,00,0
4675,0,00,0
4676,0,00,0
4677,-2,fe,-0.030519
4678,0,00,0
4679,-3,fd,-0.045778
4680,-2,fe,-0.030519
4681,-1,ff,-0.015259
4682,-2,fe,-0.030519
4683,-1,ff,-0.015259
4684,-2,fe,-0.030519
4685,-1,ff,-0.015259
4686,-1,ff,-0.015259
4687,-3,fd,-0.045778
4688,-1,ff,-0.015259
4689,-3,fd,-0.045778
4690,-2,fe,-0.030519
4691,-2,fe,-0.030519
4692,-3,fd,-0.045778
4693,-1,ff,-0.015259
4694,-4,fc,-0.061037
4695,-4,fc,-0.061037
4696,-4,fc,-0.061037
4697,-5,fb,-0.076296
4698,-4,fc,-0.061037
4699,-5,fb,-0.076296
4700,-4,fc,-0.061037
4701,-4,fc,-0.061037
4702,-5,fb,-0.076296
4703,-4,fc,-0.061037
4704,-5,fb,-0.076296
4705,-4,fc,-0.061037
4706,-3,fd,-0.045778
4707,-4,fc,-0.061037
4708,-1,ff,-0.015259
4709,-3,fd,-0.045778
4710,-1,ff,-0.015259
4711,0,00,0
4712,0,00,0
4713,1,01,0.015259
4714,1,01,0.015259
4715,2,02,0.030519
4716,1,01,0.015259
4717,0,00,0
4718,0,00,0
4719,0,00,0
4720,0,00,0
4721,0,00,0
4722,-1,ff,-0.015259
4723,0,00,0
4724,-1,ff,-0.015259
4725,0,00,0
4726,0,00,0
4727,-1,ff,-0.015259
4728,0,00,0
4729,-2,fe,-0.030519
4730,-1,ff,-0.015259
4731,-1,ff,-0.015259
4732,-2,fe,-0.030519
4733,-1,ff,-0.015259
4734,-1,ff,-0.015259
4735,0,00,0
4736,0,00,0
4737,-1,ff,-0.015259
4738,0,00,0
4739,-2,fe,-0.030519
4740,-1,ff,-0.015259
4741,-1,ff,-0.015259
4742,-2,fe,-0.030519
4743,-1,ff,-0.015259
4744,-2,fe,-0.030519
4745,0,00,0
4746,-1,ff,-0.015259
4747,-3,fd,-0.045778
4748,-2,fe,-0.030519
4749,-3,fd,-0.045778
4750,-1,ff,-0.015259
4751,-1,ff,-0.015259
4752,-2,fe,-0.030519
4753,0,00,0
4754,-1,ff,-0.015259
4755,0,00,0
4756,0,00,0
4757,-2,fe,-0.030519
4758,-1,ff,-0.015259
4759,-2,fe,-0.030519
4760,-1,ff,-0.015259
4761,-2,fe,-0.030519
4762,-2,fe,-0.030519
4763,-1,ff,-0.015259
4764,-2,fe,-0.030519
4765,0,00,0
4766,0,00,0
4767,-2,fe,-0.030519
4768,0,00,0
4769,-1,ff,-0.015259
4770,0,00,0
4771,0,00,0
4772,0,00,0
4773,0,00,0
4774,-1,ff,-0.015259
4775,0,00,0
4776,-1,ff,-0.015259
4777,-2,fe,-0.030519
4778,-2,fe,-0.030519
4779,-4,fc,-0.061037
4780,-3,fd,-0.045778
4781,-4,fc,-0.061037
4782,-5,fb,-0.076296
4783,-3,fd,-0.045778
4784,-4,fc,-0.061037
4785,-3,fd,-0.045778
4786,-2,fe,-0.030519
4787,-2,fe,-0.030519
4788,-1,ff,-0.015259
4789,-2,fe,-0.030519
4790,0,00,0
4791,0,00,0
4792,-1,ff,-0.015259
4793,0,00,0
4794,0,00,0
4795,1,01,0.015259
4796,2,02,0.030519
4797,3,03,0.045778
4798,8,08,0.122074
4799,7,07,0.106815
4800,8,08,0.122074
4801,5,05,0.076296
4802,1,01,0.015259
4803,-2,fe,-0.030519
4804,-10,f6,-0.152593
4805,-16,f0,-0.244148
4806,-20,ec,-0.305185
4807,-21,eb,-0.320444
4808,-17,ef,-0.259407
4809,-13,f3,-0.19837
4810,-5,fb,-0.076296
4811,0,00,0
4812,4,04,0.061037
4813,8,08,0.122074
4814,7,07,0.106815
4815,7,07,0.106815
4816,7,07,0.106815
4817,4,04,0.061037
4818,4,04,0.061037
4819,1,01,0.015259
4820,1,01,0.015259
4821,0,00,0
4822,-1,ff,-0.015259
4823,-1,ff,-0.015259
4824,-2,fe,-0.030519
4825,-1,ff,-0.015259
4826,-1,ff,-0.015259
4827,-2,fe,-0.030519
4828,0,00,0
4829,-3,fd,-0.045778
4830,-2,fe,-0.030519
4831,-2,fe,-0.030519
4832,-3,fd,-0.045778
4833,-2,fe,-0.030519
4834,-3,fd,-0.045778
4835,-2,fe,-0.030519
4836,-1,ff,-0.015259
4837,-1,ff,-0.015259
4838,0,00,0
4839,-2,fe,-0.030519
4840,-1,ff,-0.015259
4841,0,00,0
4842,0,00,0
4843,1,01,0.015259
4844,0,00,0
4845,0,00,0
4846,0,00,0
4847,-1,ff,-0.015259
4848,0,00,0
4849,-2,fe,-0.030519
4850,-1,ff,-0.015259
4851,-1,ff,-0.015259
4852,-2,fe,-0.030519
4853,-3,fd,-0.045778
4854,-5,fb,-0.076296
4855,-5,fb,-0.076296
4856,-5,fb,-0.076296
4857,-6,fa,-0.091556
4858,-5,fb,-0.076296
4859,-7,f9,-0.106815
4860,-6,fa,-0.091556
4861,-6,fa,-0.091556
4862,-7,f9,-0.106815
4863,-6,fa,-0.091556
4864,-8,f8,-0.122074
4865,-7,f9,-0.106815
4866,-6,fa,-0.091556
4867,-4,fc,-0.061037
4868,-2,fe,-0.030519
4869,-2,fe,-0.030519
4870,-1,ff,-0.015259
4871,0,00,0
4872,0,00,0
4873,2,02,0.030519
4874,0,00,0
4875,0,00,0
4876,0,00,0
4877,0,00,0
4878,1,01,0.015259
4879,0,00,0
4880,1,01,0.015259
4881,1,01,0.015259
4882,1,01,0.015259
4883,1,01,0.015259
4884,0,00,0
4885,0,00,0
4886,0,00,0
4887,0,00,0
4888,2,02,0.030519
4889,-1,ff,-0.015259
4890,-2,fe,-0.030519
4891,-2,fe,-0.030519
4892,-2,fe,-0.030519
4893,0,00,0
4894,-1,ff,-0.015259
4895,0,00,0
4896,-1,ff,-0.015259
4897,-1,ff,-0.015259
4898,0,00,0
4899,-2,fe,-0.030519
4900,-2,fe,-0.030519
4901,-1,ff,-0.015259
4902,-1,ff,-0.015259
4903,0,00,0
4904,-1,ff,-0.015259
4905,-1,ff,-0.015259
4906,-1,ff,-0.015259
4907,-1,ff,-0.015259
4908,0,00,0
4909,-2,fe,-0.030519
4910,-2,fe,-0.030519
4911,-2,fe,-0.030519
4912,-2,fe,-0.030519
4913,-1,ff,-0.015259
4914,-3,fd,-0.045778
4915,-2,fe,-0.030519
4916,-1,ff,-0.015259
4917,-1,ff,-0.015259
4918,0,00,0
4919,-2,fe,-0.030519
4920,-2,fe,-0.030519
4921,-2,fe,-0.030519
4922,-2,fe,-0.030519
4923,-1,ff,-0.015259
4924,-2,fe,-0.030519
4925,-1,ff,-0.015259
4926,-1,ff,-0.015259
4927,-1,ff,-0.015259
4928,0,00,0
4929,-2,fe,-0.030519
4930,-1,ff,-0.015259
4931,-1,ff,-0.015259
4932,-1,ff,-0.015259
4933,0,00,0
4934,-1,ff,-0.015259
4935,-1,ff,-0.015259
4936,-1,ff,-0.015259
4937,-1,ff,-0.015259
4938,0,00,0
4939,-1,ff,-0.015259
4940,0,00,0
4941,-1,ff,-0.015259
4942,-2,fe,-0.030519
4943,-2,fe,-0.030519
4944,-4,fc,-0.061037
4945,-3,fd,-0.045778
4946,-3,fd,-0.045778
4947,-2,fe,-0.030519
4948,-1,ff,-0.015259
4949,-4,fc,-0.061037
4950,-3,fd,-0.045778
4951,-3,fd,-0.045778
4952,-3,fd,-0.045778
4953,-2,fe,-0.030519
4954,-4,fc,-0.061037
4955,-2,fe,-0.030519
4956,-2,fe,-0.030519
4957,-2,fe,-0.030519
4958,-1,ff,-0.015259
4959,-2,fe,-0.030519
4960,-1,ff,-0.015259
4961,0,00,0
4962,1,01,0.015259
4963,6,06,0.091556
4964,7,07,0.106815
4965,9,09,0.137333
4966,9,09,0.137333
4967,6,06,0.091556
4968,3,03,0.045778
4969,-4,fc,-0.061037
4970,-10,f6,-0.152593
4971,-17,ef,-0.259407
4972,-21,eb,-0.320444
4973,-20,ec,-0.305185
4974,-19,ed,-0.289926
4975,-12,f4,-0.183111
4976,-5,fb,-0.076296
4977,0,00,0
4978,6,06,0.091556
4979,6,06,0.091556
4980,6,06,0.091556
4981,6,06,0.091556
4982,5,05,0.076296
4983,4,04,0.061037
4984,1,01,0.015259
4985,0,00,0
4986,0,00,0
4987,0,00,0
4988,0,00,0
4989,-2,fe,-0.030519
4990,-2,fe,-0.030519
4991,-2,fe,-0.030519
4992,-1,ff,-0.015259
4993,0,00,0
4994,-2,fe,-0.030519
4995,-1,ff,-0.015259
4996,-2,fe,-0.030519
4997,-2,fe,-0.030519
4998,0,00,0
4999,-2,fe,-0.030519
5000,-1,ff,-0.015259
5001,0,00,0
5002,-1,ff,-0.015259
5003,0,00,0
5004,-1,ff,-0.015259
5005,0,00,0
5006,0,00,0
5007,-1,ff,-0.015259
5008,1,01,0.015259
5009,-1,ff,-0.015259
5010,0,00,0
5011,-1,ff,-0.015259
5012,-1,ff,-0.015259
5013,0,00,0
5014,-2,fe,-0.030519
5015,-1,ff,-0.015259
5016,-2,fe,-0.030519
5017,-3,fd,-0.045778
5018,-2,fe,-0.030519
5019,-4,fc,-0.061037
5020,-3,fd,-0.045778
5021,-3,fd,-0.045778
5022,-4,fc,-0.061037
5023,-2,fe,-0.030519
5024,-4,fc,-0.061037
5025,-4,fc,-0.061037
5026,-4,fc,-0.061037
5027,-4,fc,-0.061037
5028,-3,fd,-0.045778
5029,-4,fc,-0.061037
5030,-3,fd,-0.045778
5031,-3,fd,-0.045778
5032,-3,fd,-0.045778
5033,-2,fe,-0.030519
5034,-3,fd,-0.045778
5035,-1,ff,-0.015259
5036,-1,ff,-0.015259
5037,-1,ff,-0.015259
5038,0,00,0
5039,-2,fe,-0.030519
5040,-1,ff,-0.015259
5041,-1,ff,-0.015259
5042,-2,fe,-0.030519
5043,0,00,0
5044,-1,ff,-0.015259
5045,0,00,0
5046,0,00,0
5047,-1,ff,-0.015259
5048,0,00,0
5049,-2,fe,-0.030519
5050,-1,ff,-0.015259
5051,0,00,0
5052,0,00,0
5053,1,01,0.015259
5054,0,00,0
5055,0,00,0
5056,-1,ff,-0.015259
5057,-2,fe,-0.030519
5058,-1,ff,-0.015259
5059,-2,fe,-0.030519
5060,-1,ff,-0.015259
5061,-1,ff,-0.015259
5062,-1,ff,-0.015259
5063,0,00,0
5064,-2,fe,-0.030519
5065,0,00,0
5066,0,00,0
5067,-1,ff,-0.015259
5068,0,00,0
5069,-1,ff,-0.015259
5070,-1,ff,-0.015259
5071,-1,ff,-0.015259
5072,-2,fe,-0.030519
5073,0,00,0
5074,-1,ff,-0.015259
5075,0,00,0
5076,0,00,0
5077,-1,ff,-0.015259
5078,0,00,0
5079,-3,fd,-0.045778
5080,-2,fe,-0.030519
5081,-2,fe,-0.030519
5082,-2,fe,-0.030519
5083,0,00,0
5084,-2,fe,-0.030519
5085,-1,ff,-0.015259
5086,-1,ff,-0.015259
5087,-2,fe,-0.030519
5088,0,00,0
5089,0,00,0
5090,0,00,0
5091,-1,ff,-0.015259
5092,-1,ff,-0.015259
5093,0,00,0
5094,-1,ff,-0.015259
5095,0,00,0
5096,0,00,0
5097,-1,ff,-0.015259
5098,0,00,0
5099,-1,ff,-0.015259
5100,-1,ff,-0.015259
5101,-1,ff,-0.015259
5102,-2,fe,-0.030519
5103,-1,ff,-0.015259
5104,-1,ff,-0.015259
5105,0,00,0
5106,0,00,0
5107,-1,ff,-0.015259
5108,-1,ff,-0.015259
5109,-2,fe,-0.030519
5110,-1,ff,-0.015259
5111,-2,fe,-0.030519
5112,-3,fd,-0.045778
5113,-1,ff,-0.015259
5114,-3,fd,-0.045778
5115,-3,fd,-0.045778
5116,-3,fd,-0.045778
5117,-4,fc,-0.061037
5118,-3,fd,-0.045778
5119,-3,fd,-0.045778
5120,0,00,0
5121,0,00,0
5122,-1,ff,-0.015259
5123,0,00,0
5124,-1,ff,-0.015259
5125,0,00,0
5126,0,00,0
5127,0,00,0
5128,1,01,0.015259
5129,0,00,0
5130,1,01,0.015259
5131,2,02,0.030519
5132,4,04,0.061037
5133,7,07,0.106815
5134,7,07,0.106815
5135,7,07,0.106815
5136,2,02,0.030519
5137,-3,fd,-0.045778
5138,-9,f7,-0.137333
5139,-17,ef,-0.259407
5140,-21,eb,-0.320444
5141,-21,eb,-0.320444
5142,-20,ec,-0.305185
5143,-12,f4,-0.183111
5144,-7,f9,-0.106815
5145,0,00,0
5146,4,04,0.061037
5147,5,05,0.076296
5148,7,07,0.106815
5149,6,06,0.091556
5150,6,06,0.091556
5151,5,05,0.076296
5152,2,02,0.030519
5153,2,02,0.030519
5154,0,00,0
5155,1,01,0.015259
5156,0,00,0
5157,-1,ff,-0.015259
5158,0,00,0
5159,-2,fe,-0.030519
5160,-1,ff,-0.015259
5161,-1,ff,-0.015259
5162,-2,fe,-0.030519
5163,-1,ff,-0.015259
5164,-3,fd,-0.045778
5165,-1,ff,-0.015259
5166,-1,ff,-0.015259
5167,-2,fe,-0.030519
5168,-2,fe,-0.030519
5169,-3,fd,-0.045778
5170,-2,fe,-0.030519
5171,-1,ff,-0.015259
5172,-2,fe,-0.030519
5173,0,00,0
5174,-1,ff,-0.015259
5175,0,00,0
5176,0,00,0
5177,0,00,0
5178,0,00,0
5179,-1,ff,-0.015259
5180,0,00,0
5181,-1,ff,-0.015259
5182,-2,fe,-0.030519
5183,-1,ff,-0.015259
5184,-3,fd,-0.045778
5185,-2,fe,-0.030519
5186,-2,fe,-0.030519
5187,-4,fc,-0.061037
5188,-2,fe,-0.030519
5189,-3,fd,-0.045778
5190,-2,fe,-0.030519
5191,-3,fd,-0.045778
5192,-4,fc,-0.061037
5193,-3,fd,-0.045778
5194,-5,fb,-0.076296
5195,-4,fc,-0.061037
5196,-4,fc,-0.061037
5197,-4,fc,-0.061037
5198,-2,fe,-0.030519
5199,-3,fd,-0.045778
5200,-2,fe,-0.030519
5201,-2,fe,-0.030519
5202,-3,fd,-0.045778
5203,-1,ff,-0.015259
5204,-2,fe,-0.030519
5205,-2,fe,-0.030519
5206,-2,fe,-0.030519
5207,-2,fe,-0.030519
5208,-1,ff,-0.015259
5209,-2,fe,-0.030519
5210,-1,ff,-0.015259
5211,0,00,0
5212,-1,ff,-0.015259
5213,0,00,0
5214,0,00,0
5215,0,00,0
5216,0,00,0
5217,-1,ff,-0.015259
5218,0,00,0
5219,-1,ff,-0.015259
5220,0,00,0
5221,0,00,0
5222,0,00,0
5223,0,00,0
5224,-1,ff,-0.015259
5225,0,00,0
5226,-1,ff,-0.015259
5227,-2,fe,-0.030519
5228,-1,ff,-0.015259
5229,-2,fe,-0.030519
5230,0,00,0
5231,-1,ff,-0.015259
5232,-2,fe,-0.030519
5233,0,00,0
5234,-2,fe,-0.030519
5235,-1,ff,-0.015259
5236,-1,ff,-0.015259
5237,-2,fe,-0.030519
5238,0,00,0
5239,-1,ff,-0.015259
5240,0,00,0
5241,0,00,0
5242,-1,ff,-0.015259
5243,-1,ff,-0.015259
5244,-3,fd,-0.045778
5245,-2,fe,-0.030519
5246,-2,fe,-0.030519
5247,-3,fd,-0.045778
5248,-1,ff,-0.015259
5249,-3,fd,-0.045778
5250,-2,fe,-0.030519
5251,-2,fe,-0.030519
5252,-2,fe,-0.030519
5253,-1,ff,-0.015259
5254,-1,ff,-0.015259
5255,0,00,0
5256,0,00,0
5257,-1,ff,-0.015259
5258,0,00,0
5259,0,00,0
5260,0,00,0
5261,0,00,0
5262,-2,fe,-0.030519
5263,0,00,0
5264,-1,ff,-0.015259
5265,-1,ff,-0.015259
5266,-1,ff,-0.015259
5267,-2,fe,-0.030519
5268,-1,ff,-0.015259
5269,-2,fe,-0.030519
5270,-1,ff,-0.015259
5271,-1,ff,-0.015259
5272,-2,fe,-0.030519
5273,-1,ff,-0.015259
5274,-2,fe,-0.030519
5275,-1,ff,-0.015259
5276,-1,ff,-0.015259
5277,-2,fe,-0.030519
5278,0,00,0
5279,-3,fd,-0.045778
5280,-2,fe,-0.030519
5281,-2,fe,-0.030519
5282,-3,fd,-0.045778
5283,-3,fd,-0.045778
5284,-4,fc,-0.061037
5285,-3,fd,-0.045778
5286,-3,fd,-0.045778
5287,-3,fd,-0.045778
5288,-1,ff,-0.015259
5289,-2,fe,-0.030519
5290,0,00,0
5291,0,00,0
5292,-2,fe,-0.030519
5293,0,00,0
5294,-2,fe,-0.030519
5295,0,00,0
5296,0,00,0
5297,0,00,0
5298,0,00,0
5299,1,01,0.015259
5300,5,05,0.076296
5301,7,07,0.106815
5302,7,07,0.106815
5303,7,07,0.106815
5304,3,03,0.045778
5305,0,00,0
5306,-6,fa,-0.091556
5307,-14,f2,-0.21363
5308,-18,ee,-0.274667
5309,-23,e9,-0.350963
5310,-19,ed,-0.289926
5311,-15,f1,-0.228889
5312,-9,f7,-0.137333
5313,-1,ff,-0.015259
5314,2,02,0.030519
5315,7,07,0.106815
5316,8,08,0.122074
5317,8,08,0.122074
5318,8,08,0.122074
5319,6,06,0.091556
5320,4,04,0.061037
5321,2,02,0.030519
5322,0,00,0
5323,2,02,0.030519
5324,1,01,0.015259
5325,0,00,0
5326,0,00,0
5327,-1,ff,-0.015259
5328,0,00,0
5329,-2,fe,-0.030519
5330,-1,ff,-0.015259
5331,-2,fe,-0.030519
5332,-3,fd,-0.045778
5333,-1,ff,-0.015259
5334,-1,ff,-0.015259
5335,0,00,0
5336,1,01,0.015259
5337,0,00,0
5338,3,03,0.045778
5339,0,00,0
5340,0,00,0
5341,0,00,0
5342,-1,ff,-0.015259
5343,-1,ff,-0.015259
5344,-3,fd,-0.045778
5345,-1,ff,-0.015259
5346,-1,ff,-0.015259
5347,-1,ff,-0.015259
5348,0,00,0
5349,-2,fe,-0.030519
5350,-1,ff,-0.015259
5351,-2,fe,-0.030519
5352,-3,fd,-0.045778
5353,-2,fe,-0.030519
5354,-5,fb,-0.076296
5355,-4,fc,-0.061037
5356,-4,fc,-0.061037
5357,-5,fb,-0.076296
5358,-4,fc,-0.061037
5359,-5,fb,-0.076296
5360,-5,fb,-0.076296
5361,-5,fb,-0.076296
5362,-6,fa,-0.091556
5363,-5,fb,-0.076296
5364,-6,fa,-0.091556
5365,-4,fc,-0.061037
5366,-4,fc,-0.061037
5367,-4,fc,-0.061037
5368,-2,fe,-0.030519
5369,-2,fe,-0.030519
5370,-3,fd,-0.045778
5371,-3,fd,-0.045778
5372,-3,fd,-0.045778
5373,-2,fe,-0.030519
5374,-3,fd,-0.045778
5375,-1,ff,-0.015259
5376,0,00,0
5377,-1,ff,-0.015259
5378,0,00,0
5379,-1,ff,-0.015259
5380,-1,ff,-0.015259
5381,0,00,0
5382,-1,ff,-0.015259
5383,0,00,0
5384,0,00,0
5385,0,00,0
5386,0,00,0
5387,0,00,0
5388,0,00,0
5389,-1,ff,-0.015259
5390,0,00,0
5391,0,00,0
5392,-1,ff,-0.015259
5393,0,00,0
5394,-1,ff,-0.015259
5395,0,00,0
5396,0,00,0
5397,0,00,0
5398,1,01,0.015259
5399,-1,ff,-0.015259
5400,-1,ff,-0.015259
5401,-1,ff,-0.015259
5402,-2,fe,-0.030519
5403,-1,ff,-0.015259
5404,-2,fe,-0.030519
5405,0,00,0
5406,0,00,0
5407,0,00,0
5408,2,02,0.030519
5409,1,01,0.015259
5410,1,01,0.015259
5411,1,01,0.015259
5412,0,00,0
5413,0,00,0
5414,-2,fe,-0.030519
5415,-2,fe,-0.030519
5416,-3,fd,-0.045778
5417,-4,fc,-0.061037
5418,-4,fc,-0.061037
5419,-5,fb,-0.076296
5420,-3,fd,-0.045778
5421,-2,fe,-0.030519
5422,-3,fd,-0.045778
5423,-2,fe,-0.030519
5424,-4,fc,-0.061037
5425,-4,fc,-0.061037
5426,-3,fd,-0.045778
5427,-3,fd,-0.045778
5428,-1,ff,-0.015259
5429,-2,fe,-0.030519
5430,-1,ff,-0.015259
5431,-2,fe,-0.030519
5432,-3,fd,-0.045778
5433,-2,fe,-0.030519
5434,-3,fd,-0.045778
5435,-2,fe,-0.030519
5436,-1,ff,-0.015259
5437,-2,fe,-0.030519
5438,-2,fe,-0.030519
5439,-4,fc,-0.061037
5440,-3,fd,-0.045778
5441,-3,fd,-0.045778
5442,-4,fc,-0.061037
5443,-2,fe,-0.030519
5444,-4,fc,-0.061037
5445,-3,fd,-0.045778
5446,-2,fe,-0.030519
5447,-2,fe,-0.030519
5448,-1,ff,-0.015259
5449,-1,ff,-0.015259
5450,0,00,0
5451,0,00,0
5452,0,00,0
5453,0,00,0
5454,0,00,0
5455,0,00,0
5456,0,00,0
5457,0,00,0
5458,2,02,0.030519
5459,0,00,0
5460,0,00,0
5461,0,00,0
5462,0,00,0
5463,3,03,0.045778
5464,4,04,0.061037
5465,7,07,0.106815
5466,7,07,0.106815
5467,4,04,0.061037
5468,1,01,0.015259
5469,-4,fc,-0.061037
5470,-9,f7,-0.137333
5471,-15,f1,-0.228889
5472,-20,ec,-0.305185
5473,-19,ed,-0.289926
5474,-18,ee,-0.274667
5475,-11,f5,-0.167852
5476,-5,fb,-0.076296
5477,0,00,0
5478,4,04,0.061037
5479,6,06,0.091556
5480,8,08,0.122074
5481,8,08,0.122074
5482,6,06,0.091556
5483,5,05,0.076296
5484,3,03,0.045778
5485,3,03,0.045778
5486,1,01,0.015259
5487,0,00,0
5488,0,00,0
5489,-2,fe,-0.030519
5490,-2,fe,-0.030519
5491,-2,fe,-0.030519
5492,-3,fd,-0.045778
5493,-2,fe,-0.030519
5494,-3,fd,-0.045778
5495,-1,ff,-0.015259
5496,-1,ff,-0.015259
5497,-2,fe,-0.030519
5498,-1,ff,-0.015259
5499,-2,fe,-0.030519
5500,0,00,0
5501,-1,ff,-0.015259
5502,-2,fe,-0.030519
5503,0,00,0
5504,-1,ff,-0.015259
5505,0,00,0
5506,0,00,0
5507,-1,ff,-0.015259
5508,0,00,0
5509,-1,ff,-0.015259
5510,0,00,0
5511,0,00,0
5512,-1,ff,-0.015259
5513,-1,ff,-0.015259
5514,-2,fe,-0.030519
5515,-1,ff,-0.015259
5516,-1,ff,-0.015259
5517,-2,fe,-0.030519
5518,0,00,0
5519,-2,fe,-0.030519
5520,-2,fe,-0.030519
5521,-3,fd,-0.045778
5522,-5,fb,-0.076296
5523,-4,fc,-0.061037
5524,-6,fa,-0.091556
5525,-4,fc,-0.061037
5526,-4,fc,-0.061037
5527,-6,fa,-0.091556
5528,-5,fb,-0.076296
5529,-5,fb,-0.076296
5530,-4,fc,-0.061037
5531,-3,fd,-0.045778
5532,-5,fb,-0.076296
5533,-3,fd,-0.045778
5534,-6,fa,-0.091556
5535,-5,fb,-0.076296
5536,-4,fc,-0.061037
5537,-5,fb,-0.076296
5538,-4,fc,-0.061037
5539,-4,fc,-0.061037
5540,-1,ff,-0.015259
5541,0,00,0
5542,0,00,0
5543,0,00,0
5544,0,00,0
5545,1,01,0.015259
5546,1,01,0.015259
5547,0,00,0
5548,2,02,0.030519
5549,0,00,0
5550,1,01,0.015259
5551,1,01,0.015259
5552,0,00,0
5553,1,01,0.015259
5554,0,00,0
5555,1,01,0.015259
5556,1,01,0.015259
5557,0,00,0
5558,0,00,0
5559,-1,ff,-0.015259
5560,0,00,0
5561,0,00,0
5562,0,00,0
5563,1,01,0.015259
5564,-1,ff,-0.015259
5565,-1,ff,-0.015259
5566,-1,ff,-0.015259
5567,-1,ff,-0.015259
5568,-1,ff,-0.015259
5569,-2,fe,-0.030519
5570,-1,ff,-0.015259
5571,-1,ff,-0.015259
5572,-2,fe,-0.030519
5573,-1,ff,-0.015259
5574,-2,fe,-0.030519
5575,-1,ff,-0.015259
5576,-1,ff,-0.015259
5577,-2,fe,-0.030519
5578,0,00,0
5579,-1,ff,-0.015259
5580,0,00,0
5581,-1,ff,-0.015259
5582,-2,fe,-0.030519
5583,-1,ff,-0.015259
5584,-2,fe,-0.030519
5585,0,00,0
5586,-1,ff,-0.015259
5587,-3,fd,-0.045778
5588,-2,fe,-0.030519
5589,-3,fd,-0.045778
5590,-2,fe,-0.030519
5591,-2,fe,-0.030519
5592,-3,fd,-0.045778
5593,-1,ff,-0.015259
5594,-3,fd,-0.045778
5595,-1,ff,-0.015259
5596,0,00,0
5597,-1,ff,-0.015259
5598,0,00,0
5599,0,00,0
5600,0,00,0
5601,0,00,0
5602,-1,ff,-0.015259
5603,0,00,0
5604,-1,ff,-0.015259
5605,-1,ff,-0.015259
5606,-1,ff,-0.015259
5607,-2,fe,-0.030519
5608,-1,ff,-0.015259
5609,-3,fd,-0.045778
5610,-3,fd,-0.045778
5611,-3,fd,-0.045778
5612,-5,fb,-0.076296
5613,-4,fc,-0.061037
5614,-5,fb,-0.076296
5615,-3,fd,-0.045778
5616,-2,fe,-0.030519
5617,-2,fe,-0.030519
5618,-1,ff,-0.015259
5619,-1,ff,-0.015259
5620,0,00,0
5621,0,00,0
5622,-2,fe,-0.030519
5623,0,00,0
5624,-2,fe,-0.030519
5625,-1,ff,-0.015259
5626,-1,ff,-0.015259
5627,-2,fe,-0.030519
5628,0,00,0
5629,2,02,0.030519
5630,6,06,0.091556
5631,8,08,0.122074
5632,7,07,0.106815
5633,6,06,0.091556
5634,1,01,0.015259
5635,-1,ff,-0.015259
5636,-8,f8,-0.122074
5637,-15,f1,-0.228889
5638,-18,ee,-0.274667
5639,-20,ec,-0.305185
5640,-16,f0,-0.244148
5641,-11,f5,-0.167852
5642,-7,f9,-0.106815
5643,-1,ff,-0.015259
5644,2,02,0.030519
5645,6,06,0.091556
5646,7,07,0.106815
5647,5,05,0.076296
5648,5,05,0.076296
5649,3,03,0.045778
5650,3,03,0.045778
5651,1,01,0.015259
5652,0,00,0
5653,1,01,0.015259
5654,-1,ff,-0.015259
5655,0,00,0
5656,-1,ff,-0.015259
5657,-1,ff,-0.015259
5658,0,00,0
5659,0,00,0
5660,0,00,0
5661,0,00,0
5662,-1,ff,-0.015259
5663,-1,ff,-0.015259
5664,-2,fe,-0.030519
5665,-1,ff,-0.015259
5666,-1,ff,-0.015259
5667,-1,ff,-0.015259
5668,1,01,0.015259
5669,0,00,0
5670,0,00,0
5671,0,00,0
5672,-1,ff,-0.015259
5673,0,00,0
5674,-2,fe,-0.030519
5675,-1,ff,-0.015259
5676,-1,ff,-0.015259
5677,-2,fe,-0.030519
5678,-1,ff,-0.015259
5679,-2,fe,-0.030519
5680,0,00,0
5681,0,00,0
5682,-2,fe,-0.030519
5683,-1,ff,-0.015259
5684,-4,fc,-0.061037
5685,-3,fd,-0.045778
5686,-3,fd,-0.045778
5687,-4,fc,-0.061037
5688,-3,fd,-0.045778
5689,-4,fc,-0.061037
5690,-3,fd,-0.045778
5691,-4,fc,-0.061037
5692,-5,fb,-0.076296
5693,-5,fb,-0.076296
5694,-6,fa,-0.091556
5695,-4,fc,-0.061037
5696,-5,fb,-0.076296
5697,-6,fa,-0.091556
5698,-3,fd,-0.045778
5699,-4,fc,-0.061037
5700,-3,fd,-0.045778
5701,-3,fd,-0.045778
5702,-3,fd,-0.045778
5703,-2,fe,-0.030519
5704,-2,fe,-0.030519
5705,0,00,0
5706,0,00,0
5707,-1,ff,-0.015259
5708,0,00,0
5709,-1,ff,-0.015259
5710,0,00,0
5711,0,00,0
5712,-1,ff,-0.015259
5713,0,00,0
5714,-1,ff,-0.015259
5715,0,00,0
5716,0,00,0
5717,-1,ff,-0.015259
5718,0,00,0
5719,0,00,0
5720,1,01,0.015259
5721,1,01,0.015259
5722,0,00,0
5723,1,01,0.015259
5724,0,00,0
5725,1,01,0.015259
5726,0,00,0
5727,0,00,0
5728,1,01,0.015259
5729,0,00,0
5730,0,00,0
5731,0,00,0
5732,-2,fe,-0.030519
5733,-2,fe,-0.030519
5734,-3,fd,-0.045778
5735,-2,fe,-0.030519
5736,-2,fe,-0.030519
5737,-3,fd,-0.045778
5738,-1,ff,-0.015259
5739,-2,fe,-0.030519
5740,-1,ff,-0.015259
5741,-1,ff,-0.015259
5742,-3,fd,-0.045778
5743,0,00,0
5744,-2,fe,-0.030519
5745,-1,ff,-0.015259
5746,-1,ff,-0.015259
5747,-3,fd,-0.045778
5748,-1,ff,-0.015259
5749,-2,fe,-0.030519
5750,0,00,0
5751,0,00,0
5752,-1,ff,-0.015259
5753,0,00,0
5754,-2,fe,-0.030519
5755,0,00,0
5756,0,00,0
5757,-1,ff,-0.015259
5758,0,00,0
5759,-2,fe,-0.030519
5760,-1,ff,-0.015259
5761,-2,fe,-0.030519
5762,-3,fd,-0.045778
5763,-1,ff,-0.015259
5764,-2,fe,-0.030519
5765,-1,ff,-0.015259
5766,0,00,0
5767,-1,ff,-0.015259
5768,0,00,0
5769,-1,ff,-0.015259
5770,-1,ff,-0.015259
5771,-1,ff,-0.015259
5772,-2,fe,-0.030519
5773,0,00,0
5774,-1,ff,-0.015259
5775,-1,ff,-0.015259
5776,-2,fe,-0.030519
5777,-3,fd,-0.045778
5778,-2,fe,-0.030519
5779,-4,fc,-0.061037
5780,-2,fe,-0.030519
5781,-2,fe,-0.030519
5782,-2,fe,-0.030519
5783,-1,ff,-0.015259
5784,-2,fe,-0.030519
5785,-1,ff,-0.015259
5786,0,00,0
5787,-1,ff,-0.015259
5788,0,00,0
5789,-2,fe,-0.030519
5790,-1,ff,-0.015259
5791,-1,ff,-0.015259
5792,-2,fe,-0.030519
5793,-1,ff,-0.015259
5794,-2,fe,-0.030519
5795,0,00,0
5796,0,00,0
5797,0,00,0
5798,2,02,0.030519
5799,3,03,0.045778
5800,6,06,0.091556
5801,7,07,0.106815
5802,6,06,0.091556
5803,6,06,0.091556
5804,0,00,0
5805,-5,fb,-0.076296
5806,-13,f3,-0.19837
5807,-20,ec,-0.305185
5808,-21,eb,-0.320444
5809,-21,eb,-0.320444
5810,-15,f1,-0.228889
5811,-9,f7,-0.137333
5812,-3,fd,-0.045778
5813,2,02,0.030519
5814,4,04,0.061037
5815,6,06,0.091556
5816,6,06,0.091556
5817,5,05,0.076296
5818,6,06,0.091556
5819,1,01,0.015259
5820,1,01,0.015259
5821,1,01,0.015259
5822,0,00,0
5823,0,00,0
5824,0,00,0
5825,0,00,0
5826,-1,ff,-0.015259
5827,-2,fe,-0.030519
5828,-1,ff,-0.015259
5829,-3,fd,-0.045778
5830,-1,ff,-0.015259
5831,-2,fe,-0.030519
5832,-2,fe,-0.030519
5833,0,00,0
5834,-2,fe,-0.030519
5835,-1,ff,-0.015259
5836,-1,ff,-0.015259
5837,-1,ff,-0.015259
5838,0,00,0
5839,0,00,0
5840,0,00,0
5841,0,00,0
5842,0,00,0
5843,0,00,0
5844,0,00,0
5845,1,01,0.015259
5846,1,01,0.015259
5847,0,00,0
5848,1,01,0.015259
5849,0,00,0
5850,0,00,0
5851,-1,ff,-0.015259
5852,-2,fe,-0.030519
5853,-1,ff,-0.015259
5854,-3,fd,-0.045778
5855,-3,fd,-0.045778
5856,-4,fc,-0.061037
5857,-5,fb,-0.076296
5858,-3,fd,-0.045778
5859,-4,fc,-0.061037
5860,-4,fc,-0.061037
5861,-4,fc,-0.061037
5862,-5,fb,-0.076296
5863,-3,fd,-0.045778
5864,-6,fa,-0.091556
5865,-5,fb,-0.076296
5866,-4,fc,-0.061037
5867,-5,fb,-0.076296
5868,-4,fc,-0.061037
5869,-4,fc,-0.061037
5870,-2,fe,-0.030519
5871,-2,fe,-0.030519
5872,-3,fd,-0.045778
5873,-2,fe,-0.030519
5874,-3,fd,-0.045778
5875,-1,ff,-0.015259
5876,-1,ff,-0.015259
5877,-1,ff,-0.015259
5878,0,00,0
5879,-1,ff,-0.015259
5880,0,00,0
5881,0,00,0
5882,-1,ff,-0.015259
5883,0,00,0
5884,-1,ff,-0.015259
5885,0,00,0
5886,0,00,0
5887,-1,ff,-0.015259
5888,0,00,0
5889,-1,ff,-0.015259
5890,0,00,0
5891,0,00,0
5892,-1,ff,-0.015259
5893,0,00,0
5894,-1,ff,-0.015259
5895,0,00,0
5896,0,00,0
5897,-1,ff,-0.015259
5898,0,00,0
5899,-1,ff,-0.015259
5900,0,00,0
5901,0,00,0
5902,-2,fe,-0.030519
5903,-1,ff,-0.015259
5904,-3,fd,-0.045778
5905,-2,fe,-0.030519
5906,-1,ff,-0.015259
5907,-2,fe,-0.030519
5908,0,00,0
5909,-2,fe,-0.030519
5910,-1,ff,-0.015259
5911,0,00,0
5912,-2,fe,-0.030519
5913,-1,ff,-0.015259
5914,-3,fd,-0.045778
5915,-2,fe,-0.030519
5916,-3,fd,-0.045778
5917,-4,fc,-0.061037
5918,-2,fe,-0.030519
5919,-3,fd,-0.045778
5920,-2,fe,-0.030519
5921,-1,ff,-0.015259
5922,-2,fe,-0.030519
5923,0,00,0
5924,-2,fe,-0.030519
5925,-1,ff,-0.015259
5926,0,00,0
5927,-1,ff,-0.015259
5928,0,00,0
5929,-2,fe,-0.030519
5930,0,00,0
5931,0,00,0
5932,0,00,0
5933,0,00,0
5934,-1,ff,-0.015259
5935,-1,ff,-0.015259
5936,-1,ff,-0.015259
5937,-1,ff,-0.015259
5938,0,00,0
5939,-2,fe,-0.030519
5940,-2,fe,-0.030519
5941,-3,fd,-0.045778
5942,-3,fd,-0.045778
5943,-1,ff,-0.015259
5944,-1,ff,-0.015259
5945,0,00,0
5946,0,00,0
5947,-1,ff,-0.015259
5948,0,00,0
5949,-1,ff,-0.015259
5950,-1,ff,-0.015259
5951,-2,fe,-0.030519
5952,-3,fd,-0.045778
5953,-1,ff,-0.015259
5954,-4,fc,-0.061037
5955,-3,fd,-0.045778
5956,-2,fe,-0.030519
5957,-3,fd,-0.045778
5958,-1,ff,-0.015259
5959,-2,fe,-0.030519
5960,0,00,0
5961,0,00,0
5962,-1,ff,-0.015259
5963,0,00,0
5964,-1,ff,-0.015259
5965,0,00,0
5966,0,00,0
5967,0,00,0
5968,1,01,0.015259
5969,0,00,0
5970,2,02,0.030519
5971,4,04,0.061037
5972,6,06,0.091556
5973,8,08,0.122074
5974,5,05,0.076296
5975,3,03,0.045778
5976,0,00,0
5977,-7,f9,-0.106815
5978,-13,f3,-0.19837
5979,-20,ec,-0.305185
5980,-22,ea,-0.335704
5981,-20,ec,-0.305185
5982,-17,ef,-0.259407
5983,-8,f8,-0.122074
5984,-4,fc,-0.061037
5985,1,01,0.015259
5986,5,05,0.076296
5987,5,05,0.076296
5988,6,06,0.091556
5989,6,06,0.091556
5990,6,06,0.091556
5991,5,05,0.076296
5992,2,02,0.030519
5993,2,02,0.030519
5994,0,00,0
5995,0,00,0
5996,0,00,0
5997,-1,ff,-0.015259
5998,0,00,0
5999,-2,fe,-0.030519
6000,-1,ff,-0.015259
6001,-2,fe,-0.030519
6002,-2,fe,-0.030519
6003,-1,ff,-0.015259
6004,-2,fe,-0.030519
6005,0,00,0
6006,0,00,0
6007,-2,fe,-0.030519
6008,-1,ff,-0.015259
6009,-1,ff,-0.015259
6010,0,00,0
6011,0,00,0
6012,-1,ff,-0.015259
6013,1,01,0.015259
6014,0,00,0
6015,0,00,0
6016,0,00,0
6017,-1,ff,-0.015259
6018,0,00,0
6019,-1,ff,-0.015259
6020,0,00,0
6021,0,00,0
6022,-2,fe,-0.030519
6023,-1,ff,-0.015259
6024,-2,fe,-0.030519
6025,-1,ff,-0.015259
6026,-2,fe,-0.030519
6027,-4,fc,-0.061037
6028,-2,fe,-0.030519
6029,-5,fb,-0.076296
6030,-3,fd,-0.045778
6031,-3,fd,-0.045778
6032,-5,fb,-0.076296
6033,-3,fd,-0.045778
6034,-4,fc,-0.061037
6035,-3,fd,-0.045778
6036,-3,fd,-0.045778
6037,-4,fc,-0.061037
6038,-4,fc,-0.061037
6039,-5,fb,-0.076296
6040,-3,fd,-0.045778
6041,-3,fd,-0.045778
6042,-4,fc,-0.061037
6043,-1,ff,-0.015259
6044,-3,fd,-0.045778
6045,-2,fe,-0.030519
6046,-2,fe,-0.030519
6047,-3,fd,-0.045778
6048,-1,ff,-0.015259
6049,-1,ff,-0.015259
6050,0,00,0
6051,0,00,0
6052,-1,ff,-0.015259
6053,0,00,0
6054,0,00,0
6055,1,01,0.015259
6056,0,00,0
6057,0,00,0
6058,1,01,0.015259
6059,-1,ff,-0.015259
6060,0,00,0
6061,-1,ff,-0.015259
6062,-2,fe,-0.030519
6063,-1,ff,-0.015259
6064,-2,fe,-0.030519
6065,-1,ff,-0.015259
6066,0,00,0
6067,-1,ff,-0.015259
6068,0,00,0
6069,-1,ff,-0.015259
6070,0,00,0
6071,0,00,0
6072,-1,ff,-0.015259
6073,0,00,0
6074,-2,fe,-0.030519
6075,-1,ff,-0.015259
6076,-1,ff,-0.015259
6077,-2,fe,-0.030519
6078,-1,ff,-0.015259
6079,-1,ff,-0.015259
6080,0,00,0
6081,0,00,0
6082,-1,ff,-0.015259
6083,0,00,0
6084,-2,fe,-0.030519
6085,-1,ff,-0.015259
6086,-1,ff,-0.015259
6087,-2,fe,-0.030519
6088,0,00,0
6089,-2,fe,-0.030519
6090,-2,fe,-0.030519
6091,-2,fe,-0.030519
6092,-3,fd,-0.045778
6093,-1,ff,-0.015259
6094,-2,fe,-0.030519
6095,-1,ff,-0.015259
6096,0,00,0
6097,-2,fe,-0.030519
6098,-1,ff,-0.015259
6099,-2,fe,-0.030519
6100,-1,ff,-0.015259
6101,-1,ff,-0.015259
6102,-2,fe,-0.030519
6103,0,00,0
6104,-2,fe,-0.030519
6105,-1,ff,-0.015259
6106,-2,fe,-0.030519
6107,-3,fd,-0.045778
6108,-2,fe,-0.030519
6109,-3,fd,-0.045778
6110,-1,ff,-0.015259
6111,0,00,0
6112,-1,ff,-0.015259
6113,0,00,0
6114,-1,ff,-0.015259
6115,0,00,0
6116,0,00,0
6117,-2,fe,-0.030519
6118,0,00,0
6119,-3,fd,-0.045778
6120,-2,fe,-0.030519
6121,-1,ff,-0.015259
6122,-2,fe,-0.030519
6123,-1,ff,-0.015259
6124,-2,fe,-0.030519
6125,-1,ff,-0.015259
6126,-1,ff,-0.015259
6127,-2,fe,-0.030519
6128,0,00,0
6129,-2,fe,-0.030519
6130,-1,ff,-0.015259
6131,0,00,0
6132,-1,ff,-0.015259
6133,0,00,0
6134,-1,ff,-0.015259
6135,0,00,0
6136,0,00,0
6137,0,00,0
6138,3,03,0.045778
6139,4,04,0.061037
6140,7,07,0.106815
6141,7,07,0.106815
6142,4,04,0.061037
6143,2,02,0.030519
6144,-2,fe,-0.030519
6145,-7,f9,-0.106815
6146,-14,f2,-0.21363
6147,-20,ec,-0.305185
6148,-20,ec,-0.305185
6149,-19,ed,-0.289926
6150,-12,f4,-0.183111
6151,-6,fa,-0.091556
6152,-1,ff,-0.015259
6153,4,04,0.061037
6154,5,05,0.076296
6155,7,07,0.106815
6156,7,07,0.106815
6157,5,05,0.076296
6158,5,05,0.076296
6159,2,02,0.030519
6160,2,02,0.030519
6161,1,01,0.015259
6162,0,00,0
6163,1,01,0.015259
6164,-1,ff,-0.015259
6165,-1,ff,-0.015259
6166,-1,ff,-0.015259
6167,-2,fe,-0.030519
6168,-1,ff,-0.015259
6169,-3,fd,-0.045778
6170,-1,ff,-0.015259
6171,0,00,0
6172,0,00,0
6173,2,02,0.030519
6174,0,00,0
6175,0,00,0
6176,0,00,0
6177,-1,ff,-0.015259
6178,0,00,0
6179,-2,fe,-0.030519
6180,-2,fe,-0.030519
6181,-2,fe,-0.030519
6182,-3,fd,-0.045778
6183,-2,fe,-0.030519
6184,-3,fd,-0.045778
6185,-1,ff,-0.015259
6186,-1,ff,-0.015259
6187,-3,fd,-0.045778
6188,-2,fe,-0.030519
6189,-3,fd,-0.045778
6190,-2,fe,-0.030519
6191,-2,fe,-0.030519
6192,-2,fe,-0.030519
6193,0,00,0
6194,-3,fd,-0.045778
6195,-3,fd,-0.045778
6196,-3,fd,-0.045778
6197,-5,fb,-0.076296
6198,-3,fd,-0.045778
6199,-4,fc,-0.061037
6200,-4,fc,-0.061037
6201,-5,fb,-0.076296
6202,-7,f9,-0.106815
6203,-6,fa,-0.091556
6204,-7,f9,-0.106815
6205,-6,fa,-0.091556
6206,-5,fb,-0.076296
6207,-6,fa,-0.091556
6208,-4,fc,-0.061037
6209,-5,fb,-0.076296
6210,-3,fd,-0.045778
6211,-2,fe,-0.030519
6212,-3,fd,-0.045778
6213,-2,fe,-0.030519
6214,-2,fe,-0.030519
6215,0,00,0
6216,0,00,0
6217,-1,ff,-0.015259
6218,0,00,0
6219,-1,ff,-0.015259
6220,0,00,0
6221,0,00,0
6222,0,00,0
6223,1,01,0.015259
6224,0,00,0
6225,0,00,0
6226,0,00,0
6227,0,00,0
6228,0,00,0
6229,-1,ff,-0.015259
6230,0,00,0
6231,0,00,0
6232,-1,ff,-0.015259
6233,0,00,0
6234,-1,ff,-0.015259
6235,0,00,0
6236,0,00,0
6237,-1,ff,-0.015259
6238,0,00,0
6239,-2,fe,-0.030519
6240,-1,ff,-0.015259
6241,-1,ff,-0.015259
6242,-2,fe,-0.030519
6243,-1,ff,-0.015259
6244,-1,ff,-0.015259
6245,0,00,0
6246,0,00,0
6247,-1,ff,-0.015259
6248,-1,ff,-0.015259
6249,-2,fe,-0.030519
6250,-1,ff,-0.015259
6251,-1,ff,-0.015259
6252,-3,fd,-0.045778
6253,-1,ff,-0.015259
6254,-3,fd,-0.045778
6255,-1,ff,-0.015259
6256,-1,ff,-0.015259
6257,-2,fe,-0.030519
6258,-1,ff,-0.015259
6259,-2,fe,-0.030519
6260,-2,fe,-0.030519
6261,-1,ff,-0.015259
6262,-3,fd,-0.045778
6263,-2,fe,-0.030519
6264,-2,fe,-0.030519
6265,0,00,0
6266,0,00,0
6267,-2,fe,-0.030519
6268,0,00,0
6269,-1,ff,-0.015259
6270,-1,ff,-0.015259
6271,0,00,0
6272,-1,ff,-0.015259
6273,0,00,0
6274,-1,ff,-0.015259
6275,0,00,0
6276,0,00,0
6277,-1,ff,-0.015259
6278,0,00,0
6279,-1,ff,-0.015259
6280,0,00,0
6281,0,00,0
6282,-2,fe,-0.030519
6283,0,00,0
6284,-1,ff,-0.015259
6285,0,00,0
6286,0,00,0
6287,-2,fe,-0.030519
6288,-1,ff,-0.015259
6289,-3,fd,-0.045778
6290,-2,fe,-0.030519
6291,-2,fe,-0.030519
6292,-3,fd,-0.045778
6293,-1,ff,-0.015259
6294,-2,fe,-0.030519
6295,-1,ff,-0.015259
6296,0,00,0
6297,-1,ff,-0.015259
6298,0,00,0
6299,-1,ff,-0.015259
6300,0,00,0
6301,0,00,0
6302,-2,fe,-0.030519
6303,-1,ff,-0.015259
6304,-2,fe,-0.030519
6305,0,00,0
6306,1,01,0.015259
6307,1,01,0.015259
6308,5,05,0.076296
6309,6,06,0.091556
6310,8,08,0.122074
6311,7,07,0.106815
6312,2,02,0.030519
6313,0,00,0
6314,-8,f8,-0.122074
6315,-14,f2,-0.21363
6316,-19,ed,-0.289926
6317,-21,eb,-0.320444
6318,-18,ee,-0.274667
6319,-14,f2,-0.21363
6320,-6,fa,-0.091556
6321,-1,ff,-0.015259
6322,2,02,0.030519
6323,5,05,0.076296
6324,5,05,0.076296
6325,7,07,0.106815
6326,6,06,0.091556
6327,3,03,0.045778
6328,4,04,0.061037
6329,0,00,0
6330,0,00,0
6331,0,00,0
6332,-2,fe,-0.030519
6333,-1,ff,-0.015259
6334,-2,fe,-0.030519
6335,-1,ff,-0.015259
6336,0,00,0
6337,-1,ff,-0.015259
6338,-1,ff,-0.015259
6339,-2,fe,-0.030519
6340,-1,ff,-0.015259
6341,0,00,0
6342,-2,fe,-0.030519
6343,0,00,0
6344,0,00,0
6345,0,00,0
6346,0,00,0
6347,-1,ff,-0.015259
6348,-1,ff,-0.015259
6349,-2,fe,-0.030519
6350,-1,ff,-0.015259
6351,-1,ff,-0.015259
6352,-2,fe,-0.030519
6353,-1,ff,-0.015259
6354,-1,ff,-0.015259
6355,0,00,0
6356,0,00,0
6357,0,00,0
6358,0,00,0
6359,0,00,0
6360,-1,ff,-0.015259
6361,-1,ff,-0.015259
6362,-2,fe,-0.030519
6363,-2,fe,-0.030519
6364,-4,fc,-0.061037
6365,-3,fd,-0.045778
6366,-2,fe,-0.030519
6367,-4,fc,-0.061037
6368,-3,fd,-0.045778
6369,-5,fb,-0.076296
6370,-4,fc,-0.061037
6371,-3,fd,-0.045778
6372,-5,fb,-0.076296
6373,-3,fd,-0.045778
6374,-5,fb,-0.076296
6375,-5,fb,-0.076296
6376,-4,fc,-0.061037
6377,-5,fb,-0.076296
6378,-4,fc,-0.061037
6379,-5,fb,-0.076296
6380,-3,fd,-0.045778
6381,-1,ff,-0.015259
6382,-2,fe,-0.030519
6383,-1,ff,-0.015259
6384,-2,fe,-0.030519
6385,-1,ff,-0.015259
6386,0,00,0
6387,-1,ff,-0.015259
6388,1,01,0.015259
6389,-1,ff,-0.015259
6390,0,00,0
6391,0,00,0
6392,0,00,0
6393,0,00,0
6394,0,00,0
6395,1,01,0.015259
6396,1,01,0.015259
6397,0,00,0
6398,0,00,0
6399,-1,ff,-0.015259
6400,0,00,0
6401,0,00,0
6402,-1,ff,-0.015259
6403,0,00,0
6404,-1,ff,-0.015259
6405,0,00,0
6406,0,00,0
6407,-1,ff,-0.015259
6408,-1,ff,-0.015259
6409,-2,fe,-0.030519
6410,0,00,0
6411,0,00,0
6412,-2,fe,-0.030519
6413,0,00,0
6414,-2,fe,-0.030519
6415,-1,ff,-0.015259
6416,-1,ff,-0.015259
6417,-3,fd,-0.045778
6418,0,00,0
6419,-3,fd,-0.045778
6420,-2,fe,-0.030519
6421,-2,fe,-0.030519
6422,-3,fd,-0.045778
6423,-2,fe,-0.030519
6424,-3,fd,-0.045778
6425,-2,fe,-0.030519
6426,-1,ff,-0.015259
6427,-2,fe,-0.030519
6428,-1,ff,-0.015259
6429,-2,fe,-0.030519
6430,-1,ff,-0.015259
6431,-1,ff,-0.015259
6432,-2,fe,-0.030519
6433,0,00,0
6434,-2,fe,-0.030519
6435,-2,fe,-0.030519
6436,-1,ff,-0.015259
6437,-3,fd,-0.045778
6438,-1,ff,-0.015259
6439,-2,fe,-0.030519
6440,0,00,0
6441,0,00,0
6442,-1,ff,-0.015259
6443,0,00,0
6444,-1,ff,-0.015259
6445,-1,ff,-0.015259
6446,0,00,0
6447,-2,fe,-0.030519
6448,0,00,0
6449,-1,ff,-0.015259
6450,0,00,0
6451,0,00,0
6452,-1,ff,-0.015259
6453,-1,ff,-0.015259
6454,-2,fe,-0.030519
6455,-1,ff,-0.015259
6456,-1,ff,-0.015259
6457,-3,fd,-0.045778
6458,-3,fd,-0.045778
6459,-4,fc,-0.061037
6460,-3,fd,-0.045778
6461,-2,fe,-0.030519
6462,-3,fd,-0.045778
6463,-1,ff,-0.015259
6464,-3,fd,-0.045778
6465,-1,ff,-0.015259
6466,0,00,0
6467,-2,fe,-0.030519
6468,0,00,0
6469,-1,ff,-0.015259
6470,-1,ff,-0.015259
6471,0,00,0
6472,-2,fe,-0.030519
6473,-1,ff,-0.015259
6474,-2,fe,-0.030519
6475,0,00,0
6476,1,01,0.015259
6477,2,02,0.030519
6478,6,06,0.091556
6479,5,05,0.076296
6480,5,05,0.076296
6481,2,02,0.030519
6482,-3,fd,-0.045778
6483,-7,f9,-0.106815
6484,-14,f2,-0.21363
6485,-18,ee,-0.274667
6486,-20,ec,-0.305185
6487,-19,ed,-0.289926
6488,-13,f3,-0.19837
6489,-7,f9,-0.106815
6490,0,00,0
6491,4,04,0.061037
6492,5,05,0.076296
6493,8,08,0.122074
6494,6,06,0.091556
6495,7,07,0.106815
6496,6,06,0.091556
6497,3,03,0.045778
6498,2,02,0.030519
6499,0,00,0
6500,1,01,0.015259
6501,1,01,0.015259
6502,0,00,0
6503,0,00,0
6504,-1,ff,-0.015259
6505,0,00,0
6506,0,00,0
6507,-2,fe,-0.030519
6508,0,00,0
6509,-3,fd,-0.045778
6510,-1,ff,-0.015259
6511,-1,ff,-0.015259
6512,-2,fe,-0.030519
6513,-1,ff,-0.015259
6514,-2,fe,-0.030519
6515,-1,ff,-0.015259
6516,-1,ff,-0.015259
6517,-2,fe,-0.030519
6518,-2,fe,-0.030519
6519,-2,fe,-0.030519
6520,-1,ff,-0.015259
6521,0,00,0
6522,-1,ff,-0.015259
6523,0,00,0
6524,1,01,0.015259
6525,0,00,0
6526,0,00,0
6527,-1,ff,-0.015259
6528,0,00,0
6529,-2,fe,-0.030519
6530,-1,ff,-0.015259
6531,-1,ff,-0.015259
6532,-2,fe,-0.030519
6533,-2,fe,-0.030519
6534,-3,fd,-0.045778
6535,-2,fe,-0.030519
6536,-1,ff,-0.015259
6537,-3,fd,-0.045778
6538,-2,fe,-0.030519
6539,-3,fd,-0.045778
6540,-4,fc,-0.061037
6541,-3,fd,-0.045778
6542,-4,fc,-0.061037
6543,-4,fc,-0.061037
6544,-5,fb,-0.076296
6545,-4,fc,-0.061037
6546,-4,fc,-0.061037
6547,-5,fb,-0.076296
6548,-4,fc,-0.061037
6549,-4,fc,-0.061037
6550,-3,fd,-0.045778
6551,-2,fe,-0.030519
6552,-2,fe,-0.030519
6553,0,00,0
6554,-2,fe,-0.030519
6555,0,00,0
6556,0,00,0
6557,0,00,0
6558,0,00,0
6559,0,00,0
6560,1,01,0.015259
6561,1,01,0.015259
6562,0,00,0
6563,0,00,0
6564,0,00,0
6565,0,00,0
6566,0,00,0
6567,-1,ff,-0.015259
6568,1,01,0.015259
6569,-1,ff,-0.015259
6570,0,00,0
6571,0,00,0
6572,-2,fe,-0.030519
6573,-1,ff,-0.015259
6574,-2,fe,-0.030519
6575,-1,ff,-0.015259
6576,-1,ff,-0.015259
6577,-2,fe,-0.030519
6578,-1,ff,-0.015259
6579,-2,fe,-0.030519
6580,-1,ff,-0.015259
6581,-1,ff,-0.015259
6582,-3,fd,-0.045778
6583,-1,ff,-0.015259
6584,-3,fd,-0.045778
6585,-2,fe,-0.030519
6586,-1,ff,-0.015259
6587,-3,fd,-0.045778
6588,-2,fe,-0.030519
6589,-2,fe,-0.030519
6590,-1,ff,-0.015259
6591,0,00,0
6592,-2,fe,-0.030519
6593,-1,ff,-0.015259
6594,-2,fe,-0.030519
6595,-1,ff,-0.015259
6596,0,00,0
6597,-1,ff,-0.015259
6598,0,00,0
6599,-2,fe,-0.030519
6600,-1,ff,-0.015259
6601,-1,ff,-0.015259
6602,-1,ff,-0.015259
6603,0,00,0
6604,-1,ff,-0.015259
6605,0,00,0
6606,0,00,0
6607,-1,ff,-0.015259
6608,0,00,0
6609,-2,fe,-0.030519
6610,-1,ff,-0.015259
6611,-1,ff,-0.015259
6612,-2,fe,-0.030519
6613,0,00,0
6614,-3,fd,-0.045778
6615,-1,ff,-0.015259
6616,0,00,0
6617,-1,ff,-0.015259
6618,0,00,0
6619,0,00,0
6620,0,00,0
6621,0,00,0
6622,-1,ff,-0.015259
6623,0,00,0
6624,-1,ff,-0.015259
6625,-1,ff,-0.015259
6626,-1,ff,-0.015259
6627,-3,fd,-0.045778
6628,-2,fe,-0.030519
6629,-5,fb,-0.076296
6630,-3,fd,-0.045778
6631,-2,fe,-0.030519
6632,-3,fd,-0.045778
6633,-1,ff,-0.015259
6634,-3,fd,-0.045778
6635,-2,fe,-0.030519
6636,-1,ff,-0.015259
6637,-1,ff,-0.015259
6638,0,00,0
6639,-1,ff,-0.015259
6640,0,00,0
6641,0,00,0
6642,-1,ff,-0.015259
6643,0,00,0
6644,-2,fe,-0.030519
6645,-1,ff,-0.015259
6646,1,01,0.015259
6647,2,02,0.030519
6648,6,06,0.091556
6649,5,05,0.076296
6650,5,05,0.076296
6651,2,02,0.030519
6652,-2,fe,-0.030519
6653,-7,f9,-0.106815
6654,-15,f1,-0.228889
6655,-20,ec,-0.305185
6656,-21,eb,-0.320444
6657,-20,ec,-0.305185
6658,-13,f3,-0.19837
6659,-9,f7,-0.137333
6660,-2,fe,-0.030519
6661,3,03,0.045778
6662,5,05,0.076296
6663,7,07,0.106815
6664,7,07,0.106815
6665,7,07,0.106815
6666,6,06,0.091556
6667,3,03,0.045778
6668,2,02,0.030519
6669,0,00,0
6670,0,00,0
6671,0,00,0
6672,-1,ff,-0.015259
6673,0,00,0
6674,-2,fe,-0.030519
6675,-1,ff,-0.015259
6676,-1,ff,-0.015259
6677,-3,fd,-0.045778
6678,-3,fd,-0.045778
6679,-4,fc,-0.061037
6680,-3,fd,-0.045778
6681,-3,fd,-0.045778
6682,-4,fc,-0.061037
6683,-3,fd,-0.045778
6684,-3,fd,-0.045778
6685,-1,ff,-0.015259
6686,0,00,0
6687,-1,ff,-0.015259
6688,1,01,0.015259
6689,0,00,0
6690,1,01,0.015259
6691,1,01,0.015259
6692,0,00,0
6693,1,01,0.015259
6694,0,00,0
6695,1,01,0.015259
6696,1,01,0.015259
6697,0,00,0
6698,0,00,0
6699,-1,ff,-0.015259
6700,0,00,0
6701,-1,ff,-0.015259
6702,-3,fd,-0.045778
6703,-1,ff,-0.015259
6704,-4,fc,-0.061037
6705,-4,fc,-0.061037
6706,-4,fc,-0.061037
6707,-5,fb,-0.076296
6708,-5,fb,-0.076296
6709,-6,fa,-0.091556
6710,-4,fc,-0.061037
6711,-4,fc,-0.061037
6712,-5,fb,-0.076296
6713,-4,fc,-0.061037
6714,-5,fb,-0.076296
6715,-4,fc,-0.061037
6716,-4,fc,-0.061037
6717,-5,fb,-0.076296
6718,-2,fe,-0.030519
6719,-5,fb,-0.076296
6720,-3,fd,-0.045778
6721,-2,fe,-0.030519
6722,-3,fd,-0.045778
6723,-1,ff,-0.015259
6724,-2,fe,-0.030519
6725,-1,ff,-0.015259
6726,0,00,0
6727,-1,ff,-0.015259
6728,0,00,0
6729,0,00,0
6730,0,00,0
6731,1,01,0.015259
6732,0,00,0
6733,2,02,0.030519
6734,-1,ff,-0.015259
6735,0,00,0
6736,0,00,0
6737,-1,ff,-0.015259
6738,0,00,0
6739,-2,fe,-0.030519
6740,-1,ff,-0.015259
6741,0,00,0
6742,-1,ff,-0.015259
6743,-1,ff,-0.015259
6744,-2,fe,-0.030519
6745,-2,fe,-0.030519
6746,-1,ff,-0.015259
6747,-2,fe,-0.030519
6748,-1,ff,-0.015259
6749,-3,fd,-0.045778
6750,-2,fe,-0.030519
6751,-2,fe,-0.030519
6752,-2,fe,-0.030519
6753,-1,ff,-0.015259
6754,-2,fe,-0.030519
6755,0,00,0
6756,0,00,0
6757,-1,ff,-0.015259
6758,0,00,0
6759,-1,ff,-0.015259
6760,-1,ff,-0.015259
6761,0,00,0
6762,-1,ff,-0.015259
6763,0,00,0
6764,-2,fe,-0.030519
6765,-1,ff,-0.015259
6766,-1,ff,-0.015259
6767,-2,fe,-0.030519
6768,-1,ff,-0.015259
6769,-1,ff,-0.015259
6770,0,00,0
6771,0,00,0
6772,-1,ff,-0.015259
6773,0,00,0
6774,-2,fe,-0.030519
6775,-1,ff,-0.015259
6776,0,00,0
6777,-2,fe,-0.030519
6778,0,00,0
6779,-2,fe,-0.030519
6780,-1,ff,-0.015259
6781,0,00,0
6782,-2,fe,-0.030519
6783,-1,ff,-0.015259
6784,-2,fe,-0.030519
6785,-1,ff,-0.015259
6786,0,00,0
6787,-1,ff,-0.015259
6788,0,00,0
6789,-1,ff,-0.015259
6790,0,00,0
6791,-1,ff,-0.015259
6792,-3,fd,-0.045778
6793,-1,ff,-0.015259
6794,-4,fc,-0.061037
6795,-4,fc,-0.061037
6796,-3,fd,-0.045778
6797,-4,fc,-0.061037
6798,-3,fd,-0.045778
6799,-4,fc,-0.061037
6800,-3,fd,-0.045778
6801,-1,ff,-0.015259
6802,-1,ff,-0.015259
6803,0,00,0
6804,0,00,0
6805,1,01,0.015259
6806,2,02,0.030519
6807,0,00,0
6808,2,02,0.030519
6809,0,00,0
6810,1,01,0.015259
6811,2,02,0.030519
6812,2,02,0.030519
6813,4,04,0.061037
6814,4,04,0.061037
6815,4,04,0.061037
6816,3,03,0.045778
6817,-1,ff,-0.015259
6818,-4,fc,-0.061037
6819,-10,f6,-0.152593
6820,-16,f0,-0.244148
6821,-19,ed,-0.289926
6822,-21,eb,-0.320444
6823,-15,f1,-0.228889
6824,-12,f4,-0.183111
6825,-5,fb,-0.076296
6826,0,00,0
6827,3,03,0.045778
6828,6,06,0.091556
6829,6,06,0.091556
6830,8,08,0.122074
6831,7,07,0.106815
6832,5,05,0.076296
6833,4,04,0.061037
6834,1,01,0.015259
6835,1,01,0.015259
6836,0,00,0
6837,-1,ff,-0.015259
6838,0,00,0
6839,-3,fd,-0.045778
6840,-2,fe,-0.030519
6841,-1,ff,-0.015259
6842,-3,fd,-0.045778
6843,-2,fe,-0.030519
6844,-3,fd,-0.045778
6845,-1,ff,-0.015259
6846,0,00,0
6847,-2,fe,-0.030519
6848,-1,ff,-0.015259
6849,-2,fe,-0.030519
6850,-1,ff,-0.015259
6851,-1,ff,-0.015259
6852,-2,fe,-0.030519
6853,0,00,0
6854,-3,fd,-0.045778
6855,-1,ff,-0.015259
6856,0,00,0
6857,-2,fe,-0.030519
6858,0,00,0
6859,-1,ff,-0.015259
6860,0,00,0
6861,0,00,0
6862,-1,ff,-0.015259
6863,0,00,0
6864,-1,ff,-0.015259
6865,0,00,0
6866,0,00,0
6867,-3,fd,-0.045778
6868,-1,ff,-0.015259
6869,-4,fc,-0.061037
6870,-3,fd,-0.045778
6871,-3,fd,-0.045778
6872,-4,fc,-0.061037
6873,-3,fd,-0.045778
6874,-4,fc,-0.061037
6875,-2,fe,-0.030519
6876,-2,fe,-0.030519
6877,-4,fc,-0.061037
6878,-4,fc,-0.061037
6879,-5,fb,-0.076296
6880,-4,fc,-0.061037
6881,-3,fd,-0.045778
6882,-5,fb,-0.076296
6883,-2,fe,-0.030519
6884,-4,fc,-0.061037
6885,-2,fe,-0.030519
6886,0,00,0
6887,-2,fe,-0.030519
6888,-1,ff,-0.015259
6889,-3,fd,-0.045778
6890,-1,ff,-0.015259
6891,0,00,0
6892,-1,ff,-0.015259
6893,0,00,0
6894,-1,ff,-0.015259
6895,0,00,0
6896,0,00,0
6897,0,00,0
6898,1,01,0.015259
6899,-1,ff,-0.015259
6900,0,00,0
6901,0,00,0
6902,0,00,0
6903,0,00,0
6904,0,00,0
6905,0,00,0
6906,0,00,0
6907,-1,ff,-0.015259
6908,0,00,0
6909,-1,ff,-0.015259
6910,0,00,0
6911,0,00,0
6912,-2,fe,-0.030519
6913,0,00,0
6914,-2,fe,-0.030519
6915,-1,ff,-0.015259
6916,0,00,0
6917,-2,fe,-0.030519
6918,-1,ff,-0.015259
6919,-3,fd,-0.045778
6920,-1,ff,-0.015259
6921,0,00,0
6922,-2,fe,-0.030519
6923,0,00,0
6924,-1,ff,-0.015259
6925,0,00,0
6926,0,00,0
6927,-3,fd,-0.045778
6928,-1,ff,-0.015259
6929,-4,fc,-0.061037
6930,-3,fd,-0.045778
6931,-2,fe,-0.030519
6932,-3,fd,-0.045778
6933,-2,fe,-0.030519
6934,-2,fe,-0.030519
6935,-1,ff,-0.015259
6936,0,00,0
6937,-2,fe,-0.030519
6938,-1,ff,-0.015259
6939,-1,ff,-0.015259
6940,-1,ff,-0.015259
6941,0,00,0
6942,-2,fe,-0.030519
6943,0,00,0
6944,-2,fe,-0.030519
6945,0,00,0
6946,0,00,0
6947,-2,fe,-0.030519
6948,-1,ff,-0.015259
6949,-2,fe,-0.030519
6950,-1,ff,-0.015259
6951,0,00,0
6952,-2,fe,-0.030519
6953,0,00,0
6954,-1,ff,-0.015259
6955,-1,ff,-0.015259
6956,0,00,0
6957,-2,fe,-0.030519
6958,0,00,0
6959,-3,fd,-0.045778
6960,-3,fd,-0.045778
6961,-2,fe,-0.030519
6962,-3,fd,-0.045778
6963,-2,fe,-0.030519
6964,-3,fd,-0.045778
6965,-2,fe,-0.030519
6966,-1,ff,-0.015259
6967,-3,fd,-0.045778
6968,-2,fe,-0.030519
6969,-2,fe,-0.030519
6970,0,00,0
6971,0,00,0
6972,-2,fe,-0.030519
6973,0,00,0
6974,-1,ff,-0.015259
6975,0,00,0
6976,1,01,0.015259
6977,0,00,0
6978,2,02,0.030519
6979,3,03,0.045778
6980,6,06,0.091556
6981,7,07,0.106815
6982,5,05,0.076296
6983,3,03,0.045778
6984,-2,fe,-0.030519
6985,-7,f9,-0.106815
6986,-14,f2,-0.21363
6987,-21,eb,-0.320444
6988,-21,eb,-0.320444
6989,-20,ec,-0.305185
6990,-13,f3,-0.19837
6991,-6,fa,-0.091556
6992,-1,ff,-0.015259
6993,4,04,0.061037
6994,7,07,0.106815
6995,9,09,0.137333
6996,9,09,0.137333
6997,6,06,0.091556
6998,6,06,0.091556
6999,3,03,0.045778
7000,2,02,0.030519
7001,1,01,0.015259
7002,-1,ff,-0.015259
7003,0,00,0
7004,-2,fe,-0.030519
7005,-1,ff,-0.015259
7006,-1,ff,-0.015259
7007,-3,fd,-0.045778
7008,-2,fe,-0.030519
7009,-3,fd,-0.045778
7010,-2,fe,-0.030519
7011,-1,ff,-0.015259
7012,-3,fd,-0.045778
7013,-1,ff,-0.015259
7014,-2,fe,-0.030519
7015,-1,ff,-0.015259
7016,0,00,0
7017,-1,ff,-0.015259
7018,0,00,0
7019,-2,fe,-0.030519
7020,-1,ff,-0.015259
7021,0,00,0
7022,-1,ff,-0.015259
7023,0,00,0
7024,-1,ff,-0.015259
7025,0,00,0
7026,0,00,0
7027,-1,ff,-0.015259
7028,0,00,0
7029,-1,ff,-0.015259
7030,0,00,0
7031,0,00,0
7032,-1,ff,-0.015259
7033,0,00,0
7034,-3,fd,-0.045778
7035,-2,fe,-0.030519
7036,-2,fe,-0.030519
7037,-4,fc,-0.061037
7038,-3,fd,-0.045778
7039,-4,fc,-0.061037
7040,-3,fd,-0.045778
7041,-2,fe,-0.030519
7042,-4,fc,-0.061037
7043,-3,fd,-0.045778
7044,-4,fc,-0.061037
7045,-4,fc,-0.061037
7046,-3,fd,-0.045778
7047,-5,fb,-0.076296
7048,-3,fd,-0.045778
7049,-5,fb,-0.076296
7050,-4,fc,-0.061037
7051,-3,fd,-0.045778
7052,-5,fb,-0.076296
7053,-3,fd,-0.045778
7054,-4,fc,-0.061037
7055,-3,fd,-0.045778
7056,-1,ff,-0.015259
7057,-2,fe,-0.030519
7058,-1,ff,-0.015259
7059,-1,ff,-0.015259
7060,0,00,0
7061,0,00,0
7062,-1,ff,-0.015259
7063,2,02,0.030519
7064,0,00,0
7065,1,01,0.015259
7066,1,01,0.015259
7067,0,00,0
7068,1,01,0.015259
7069,0,00,0
7070,0,00,0
7071,1,01,0.015259
7072,0,00,0
7073,0,00,0
7074,-1,ff,-0.015259
7075,-1,ff,-0.015259
7076,0,00,0
7077,-2,fe,-0.030519
7078,0,00,0
7079,-3,fd,-0.045778
7080,-2,fe,-0.030519
7081,-1,ff,-0.015259
7082,-2,fe,-0.030519
7083,-1,ff,-0.015259
7084,-2,fe,-0.030519
7085,-1,ff,-0.015259
7086,0,00,0
7087,-2,fe,-0.030519
7088,-1,ff,-0.015259
7089,-2,fe,-0.030519
7090,-1,ff,-0.015259
7091,0,00,0
7092,-1,ff,-0.015259
7093,0,00,0
7094,-3,fd,-0.045778
7095,-2,fe,-0.030519
7096,-1,ff,-0.015259
7097,-2,fe,-0.030519
7098,-1,ff,-0.015259
7099,-2,fe,-0.030519
7100,-1,ff,-0.015259
7101,-1,ff,-0.015259
7102,-3,fd,-0.045778
7103,-1,ff,-0.015259
7104,-2,fe,-0.030519
7105,-1,ff,-0.015259
7106,0,00,0
7107,-1,ff,-0.015259
7108,0,00,0
7109,-1,ff,-0.015259
7110,-1,ff,-0.015259
7111,0,00,0
7112,-1,ff,-0.015259
7113,0,00,0
7114,-1,ff,-0.015259
7115,-1,ff,-0.015259
7116,0,00,0
7117,-2,fe,-0.030519
7118,-1,ff,-0.015259
7119,-1,ff,-0.015259
7120,0,00,0
7121,0,00,0
7122,0,00,0
7123,1,01,0.015259
7124,-2,fe,-0.030519
7125,-1,ff,-0.015259
7126,-1,ff,-0.015259
7127,-4,fc,-0.061037
7128,-3,fd,-0.045778
7129,-3,fd,-0.045778
7130,-2,fe,-0.030519
7131,-2,fe,-0.030519
7132,-3,fd,-0.045778
7133,-2,fe,-0.030519
7134,-2,fe,-0.030519
7135,-1,ff,-0.015259
7136,0,00,0
7137,-2,fe,-0.030519
7138,0,00,0
7139,-1,ff,-0.015259
7140,-1,ff,-0.015259
7141,0,00,0
7142,-1,ff,-0.015259
7143,0,00,0
7144,-1,ff,-0.015259
7145,0,00,0
7146,3,03,0.045778
7147,4,04,0.061037
7148,7,07,0.106815
7149,7,07,0.106815
7150,6,06,0.091556
7151,3,03,0.045778
7152,-3,fd,-0.045778
7153,-6,fa,-0.091556
7154,-16,f0,-0.244148
7155,-21,eb,-0.320444
7156,-22,ea,-0.335704
7157,-21,eb,-0.320444
7158,-15,f1,-0.228889
7159,-8,f8,-0.122074
7160,-1,ff,-0.015259
7161,4,04,0.061037
7162,5,05,0.076296
7163,7,07,0.106815
7164,6,06,0.091556
7165,6,06,0.091556
7166,6,06,0.091556
7167,3,03,0.045778
7168,4,04,0.061037
7169,0,00,0
7170,0,00,0
7171,0,00,0
7172,-2,fe,-0.030519
7173,-1,ff,-0.015259
7174,-2,fe,-0.030519
7175,-1,ff,-0.015259
7176,-1,ff,-0.015259
7177,-3,fd,-0.045778
7178,-2,fe,-0.030519
7179,-3,fd,-0.045778
7180,-2,fe,-0.030519
7181,-1,ff,-0.015259
7182,-3,fd,-0.045778
7183,0,00,0
7184,-1,ff,-0.015259
7185,-1,ff,-0.015259
7186,0,00,0
7187,-1,ff,-0.015259
7188,-1,ff,-0.015259
7189,-2,fe,-0.030519
7190,0,00,0
7191,1,01,0.015259
7192,0,00,0
7193,1,01,0.015259
7194,1,01,0.015259
7195,2,02,0.030519
7196,3,03,0.045778
7197,0,00,0
7198,2,02,0.030519
7199,-1,ff,-0.015259
7200,-2,fe,-0.030519
7201,-3,fd,-0.045778
7202,-6,fa,-0.091556
7203,-7,f9,-0.106815
7204,-8,f8,-0.122074
7205,-7,f9,-0.106815
7206,-6,fa,-0.091556
7207,-7,f9,-0.106815
7208,-6,fa,-0.091556
7209,-6,fa,-0.091556
7210,-4,fc,-0.061037
7211,-3,fd,-0.045778
7212,-5,fb,-0.076296
7213,-1,ff,-0.015259
7214,-3,fd,-0.045778
7215,-4,fc,-0.061037
7216,-3,fd,-0.045778
7217,-4,fc,-0.061037
7218,-3,fd,-0.045778
7219,-3,fd,-0.045778
7220,-2,fe,-0.030519
7221,0,00,0
7222,-1,ff,-0.015259
7223,0,00,0
7224,-1,ff,-0.015259
7225,0,00,0
7226,0,00,0
7227,0,00,0
7228,2,02,0.030519
7229,2,02,0.030519
7230,0,00,0
7231,1,01,0.015259
7232,0,00,0
7233,0,00,0
7234,0,00,0
7235,0,00,0
7236,2,02,0.030519
7237,0,00,0
7238,0,00,0
7239,0,00,0
7240,0,00,0
7241,0,00,0
7242,-1,ff,-0.015259
7243,0,00,0
7244,-2,fe,-0.030519
7245,-1,ff,-0.015259
7246,0,00,0
7247,-2,fe,-0.030519
7248,-1,ff,-0.015259
7249,-2,fe,-0.030519
7250,-1,ff,-0.015259
7251,0,00,0
7252,-2,fe,-0.030519
7253,-1,ff,-0.015259
7254,-2,fe,-0.030519
7255,-2,fe,-0.030519
7256,-1,ff,-0.015259
7257,-3,fd,-0.045778
7258,-1,ff,-0.015259
7259,-3,fd,-0.045778
7260,-1,ff,-0.015259
7261,0,00,0
7262,-2,fe,-0.030519
7263,-2,fe,-0.030519
7264,-3,fd,-0.045778
7265,-2,fe,-0.030519
7266,-1,ff,-0.015259
7267,-2,fe,-0.030519
7268,-2,fe,-0.030519
7269,-2,fe,-0.030519
7270,-1,ff,-0.015259
7271,0,00,0
7272,-1,ff,-0.015259
7273,1,01,0.015259
7274,-1,ff,-0.015259
7275,-1,ff,-0.015259
7276,0,00,0
7277,-2,fe,-0.030519
7278,-1,ff,-0.015259
7279,-2,fe,-0.030519
7280,-1,ff,-0.015259
7281,0,00,0
7282,-2,fe,-0.030519
7283,-1,ff,-0.015259
7284,-3,fd,-0.045778
7285,-2,fe,-0.030519
7286,0,00,0
7287,-2,fe,-0.030519
7288,1,01,0.015259
7289,-1,ff,-0.015259
7290,-1,ff,-0.015259
7291,0,00,0
7292,-3,fd,-0.045778
7293,-3,fd,-0.045778
7294,-4,fc,-0.061037
7295,-3,fd,-0.045778
7296,-2,fe,-0.030519
7297,-3,fd,-0.045778
7298,-2,fe,-0.030519
7299,-3,fd,-0.045778
7300,-2,fe,-0.030519
7301,0,00,0
7302,-1,ff,-0.015259
7303,2,02,0.030519
7304,-1,ff,-0.015259
7305,0,00,0
7306,0,00,0
7307,-1,ff,-0.015259
7308,0,00,0
7309,-1,ff,-0.015259
7310,0,00,0
7311,1,01,0.015259
7312,1,01,0.015259
7313,4,04,0.061037
7314,5,05,0.076296
7315,7,07,0.106815
7316,8,08,0.122074
7317,4,04,0.061037
7318,4,04,0.061037
7319,-3,fd,-0.045778
7320,-10,f6,-0.152593
7321,-17,ef,-0.259407
7322,-22,ea,-0.335704
7323,-21,eb,-0.320444
7324,-18,ee,-0.274667
7325,-11,f5,-0.167852
7326,-3,fd,-0.045778
7327,0,00,0
7328,4,04,0.061037
7329,5,05,0.076296
7330,7,07,0.106815
7331,7,07,0.106815
7332,5,05,0.076296
7333,6,06,0.091556
7334,2,02,0.030519
7335,1,01,0.015259
7336,2,02,0.030519
7337,0,00,0
7338,0,00,0
7339,-2,fe,-0.030519
7340,-1,ff,-0.015259
7341,-1,ff,-0.015259
7342,-2,fe,-0.030519
7343,-2,fe,-0.030519
7344,-3,fd,-0.045778
7345,-3,fd,-0.045778
7346,-2,fe,-0.030519
7347,-3,fd,-0.045778
7348,0,00,0
7349,-3,fd,-0.045778
7350,-2,fe,-0.030519
7351,0,00,0
7352,-2,fe,-0.030519
7353,-1,ff,-0.015259
7354,-1,ff,-0.015259
7355,0,00,0
7356,0,00,0
7357,0,00,0
7358,1,01,0.015259
7359,0,00,0
7360,0,00,0
7361,0,00,0
7362,-1,ff,-0.015259
7363,1,01,0.015259
7364,-1,ff,-0.015259
7365,-2,fe,-0.030519
7366,-1,ff,-0.015259
7367,-3,fd,-0.045778
7368,-3,fd,-0.045778
7369,-5,fb,-0.076296
7370,-4,fc,-0.061037
7371,-4,fc,-0.061037
7372,-5,fb,-0.076296
7373,-4,fc,-0.061037
7374,-5,fb,-0.076296
7375,-4,fc,-0.061037
7376,-3,fd,-0.045778
7377,-4,fc,-0.061037
7378,-2,fe,-0.030519
7379,-5,fb,-0.076296
7380,-5,fb,-0.076296
7381,-4,fc,-0.061037
7382,-6,fa,-0.091556
7383,-5,fb,-0.076296
7384,-5,fb,-0.076296
7385,-3,fd,-0.045778
7386,-2,fe,-0.030519
7387,-3,fd,-0.045778
7388,-1,ff,-0.015259
7389,-1,ff,-0.015259
7390,0,00,0
7391,1,01,0.015259
7392,0,00,0
7393,3,03,0.045778
7394,0,00,0
7395,0,00,0
7396,1,01,0.015259
7397,0,00,0
7398,1,01,0.015259
7399,0,00,0
7400,0,00,0
7401,1,01,0.015259
7402,-1,ff,-0.015259
7403,0,00,0
7404,-2,fe,-0.030519
7405,-1,ff,-0.015259
7406,0,00,0
7407,-2,fe,-0.030519
7408,1,01,0.015259
7409,-3,fd,-0.045778
7410,-2,fe,-0.030519
7411,-1,ff,-0.015259
7412,-2,fe,-0.030519
7413,-1,ff,-0.015259
7414,-2,fe,-0.030519
7415,-1,ff,-0.015259
7416,0,00,0
7417,-1,ff,-0.015259
7418,0,00,0
7419,-1,ff,-0.015259
7420,-1,ff,-0.015259
7421,0,00,0
7422,-2,fe,-0.030519
7423,0,00,0
7424,-2,fe,-0.030519
7425,-1,ff,-0.015259
7426,0,00,0
7427,-2,fe,-0.030519
7428,-1,ff,-0.015259
7429,-2,fe,-0.030519
7430,-1,ff,-0.015259
7431,-1,ff,-0.015259
7432,-2,fe,-0.030519
7433,-1,ff,-0.015259
7434,-2,fe,-0.030519
7435,-1,ff,-0.015259
7436,-1,ff,-0.015259
7437,-2,fe,-0.030519
7438,1,01,0.015259
7439,-2,fe,-0.030519
7440,-1,ff,-0.015259
7441,-1,ff,-0.015259
7442,-2,fe,-0.030519
7443,-1,ff,-0.015259
7444,-2,fe,-0.030519
7445,-2,fe,-0.030519
7446,-1,ff,-0.015259
7447,-2,fe,-0.030519
7448,-1,ff,-0.015259
7449,-2,fe,-0.030519
7450,-1,ff,-0.015259
7451,0,00,0
7452,0,00,0
7453,1,01,0.015259
7454,-2,fe,-0.030519
7455,-2,fe,-0.030519
7456,-1,ff,-0.015259
7457,-4,fc,-0.061037
7458,-2,fe,-0.030519
7459,-3,fd,-0.045778
7460,-2,fe,-0.030519
7461,-1,ff,-0.015259
7462,-3,fd,-0.045778
7463,-1,ff,-0.015259
7464,-2,fe,-0.030519
7465,-1,ff,-0.015259
7466,0,00,0
7467,0,00,0
7468,2,02,0.030519
7469,-2,fe,-0.030519
7470,-1,ff,-0.015259
7471,0,00,0
7472,-1,ff,-0.015259
7473,0,00,0
7474,0,00,0
7475,0,00,0
7476,3,03,0.045778
7477,3,03,0.045778
7478,5,05,0.076296
7479,3,03,0.045778
7480,1,01,0.015259
7481,0,00,0
7482,-6,fa,-0.091556
7483,-9,f7,-0.137333
7484,-18,ee,-0.274667
7485,-20,ec,-0.305185
7486,-18,ee,-0.274667
7487,-16,f0,-0.244148
7488,-9,f7,-0.137333
7489,-4,fc,-0.061037
7490,1,01,0.015259
7491,6,06,0.091556
7492,6,06,0.091556
7493,7,07,0.106815
7494,6,06,0.091556
7495,7,07,0.106815
7496,7,07,0.106815
7497,3,03,0.045778
7498,4,04,0.061037
7499,0,00,0
7500,0,00,0
7501,-1,ff,-0.015259
7502,-4,fc,-0.061037
7503,-3,fd,-0.045778
7504,-3,fd,-0.045778
7505,-2,fe,-0.030519
7506,-1,ff,-0.015259
7507,-3,fd,-0.045778
7508,-2,fe,-0.030519
7509,-2,fe,-0.030519
7510,-1,ff,-0.015259
7511,0,00,0
7512,-2,fe,-0.030519
7513,1,01,0.015259
7514,-2,fe,-0.030519
7515,-1,ff,-0.015259
7516,0,00,0
7517,-2,fe,-0.030519
7518,-1,ff,-0.015259
7519,-1,ff,-0.015259
7520,0,00,0
7521,0,00,0
7522,-1,ff,-0.015259
7523,0,00,0
7524,0,00,0
7525,0,00,0
7526,0,00,0
7527,-1,ff,-0.015259
7528,1,01,0.015259
7529,-2,fe,-0.030519
7530,-1,ff,-0.015259
7531,0,00,0
7532,-2,fe,-0.030519
7533,-2,fe,-0.030519
7534,-3,fd,-0.045778
7535,-2,fe,-0.030519
7536,-2,fe,-0.030519
7537,-4,fc,-0.061037
7538,-3,fd,-0.045778
7539,-3,fd,-0.045778
7540,-2,fe,-0.030519
7541,-2,fe,-0.030519
7542,-5,fb,-0.076296
7543,-2,fe,-0.030519
7544,-5,fb,-0.076296
7545,-4,fc,-0.061037
7546,-2,fe,-0.030519
7547,-4,fc,-0.061037
7548,-3,fd,-0.045778
7549,-3,fd,-0.045778
7550,-3,fd,-0.045778
7551,-2,fe,-0.030519
7552,-3,fd,-0.045778
7553,-2,fe,-0.030519
7554,-2,fe,-0.030519
7555,0,00,0
7556,0,00,0
7557,0,00,0
7558,2,02,0.030519
7559,0,00,0
7560,0,00,0
7561,0,00,0
7562,-1,ff,-0.015259
7563,0,00,0
7564,-1,ff,-0.015259
7565,0,00,0
7566,0,00,0
7567,-1,ff,-0.015259
7568,0,00,0
7569,-1,ff,-0.015259
7570,0,00,0
7571,0,00,0
7572,-1,ff,-0.015259
7573,1,01,0.015259
7574,-1,ff,-0.015259
7575,0,00,0
7576,0,00,0
7577,-2,fe,-0.030519
7578,-1,ff,-0.015259
7579,-2,fe,-0.030519
7580,0,00,0
7581,0,00,0
7582,0,00,0
7583,0,00,0
7584,-1,ff,-0.015259
7585,0,00,0
7586,0,00,0
7587,-3,fd,-0.045778
7588,0,00,0
7589,-3,fd,-0.045778
7590,-3,fd,-0.045778
7591,-2,fe,-0.030519
7592,-3,fd,-0.045778
7593,-3,fd,-0.045778
7594,-3,fd,-0.045778
7595,-2,fe,-0.030519
7596,0,00,0
7597,-2,fe,-0.030519
7598,-1,ff,-0.015259
7599,-2,fe,-0.030519
7600,-2,fe,-0.030519
7601,0,00,0
7602,-2,fe,-0.030519
7603,0,00,0
7604,-1,ff,-0.015259
7605,-1,ff,-0.015259
7606,0,00,0
7607,-3,fd,-0.045778
7608,-1,ff,-0.015259
7609,-2,fe,-0.030519
7610,0,00,0
7611,0,00,0
7612,-1,ff,-0.015259
7613,0,00,0
7614,0,00,0
7615,0,00,0
7616,1,01,0.015259
7617,0,00,0
7618,1,01,0.015259
7619,-2,fe,-0.030519
7620,-2,fe,-0.030519
7621,-2,fe,-0.030519
7622,-4,fc,-0.061037
7623,-3,fd,-0.045778
7624,-4,fc,-0.061037
7625,-2,fe,-0.030519
7626,-1,ff,-0.015259
7627,-2,fe,-0.030519
7628,-1,ff,-0.015259
7629,-1,ff,-0.015259
7630,0,00,0
7631,0,00,0
7632,-1,ff,-0.015259
7633,2,02,0.030519
7634,0,00,0
7635,0,00,0
7636,2,02,0.030519
7637,1,01,0.015259
7638,3,03,0.045778
7639,4,04,0.061037
7640,7,07,0.106815
7641,9,09,0.137333
7642,6,06,0.091556
7643,4,04,0.061037
7644,0,00,0
7645,-4,fc,-0.061037
7646,-9,f7,-0.137333
7647,-18,ee,-0.274667
7648,-19,ed,-0.289926
7649,-22,ea,-0.335704
7650,-18,ee,-0.274667
7651,-11,f5,-0.167852
7652,-7,f9,-0.106815
7653,0,00,0
7654,3,03,0.045778
7655,6,06,0.091556
7656,8,08,0.122074
7657,6,06,0.091556
7658,5,05,0.076296
7659,4,04,0.061037
7660,3,03,0.045778
7661,2,02,0.030519
7662,0,00,0
7663,2,02,0.030519
7664,-2,fe,-0.030519
7665,-2,fe,-0.030519
7666,-1,ff,-0.015259
7667,-2,fe,-0.030519
7668,-1,ff,-0.015259
7669,-2,fe,-0.030519
7670,-1,ff,-0.015259
7671,0,00,0
7672,-2,fe,-0.030519
7673,-1,ff,-0.015259
7674,-2,fe,-0.030519
7675,-2,fe,-0.030519
7676,-2,fe,-0.030519
7677,-3,fd,-0.045778
7678,1,01,0.015259
7679,-2,fe,-0.030519
7680,-1,ff,-0.015259
7681,-1,ff,-0.015259
7682,-2,fe,-0.030519
7683,-1,ff,-0.015259
7684,-1,ff,-0.015259
7685,0,00,0
7686,0,00,0
7687,-1,ff,-0.015259
7688,0,00,0
7689,-1,ff,-0.015259
7690,-1,ff,-0.015259
7691,-1,ff,-0.015259
7692,-3,fd,-0.045778
7693,0,00,0
7694,-4,fc,-0.061037
7695,-4,fc,-0.061037
7696,-3,fd,-0.045778
7697,-5,fb,-0.076296
7698,-4,fc,-0.061037
7699,-4,fc,-0.061037
7700,-3,fd,-0.045778
7701,-2,fe,-0.030519
7702,-4,fc,-0.061037
7703,-4,fc,-0.061037
7704,-5,fb,-0.076296
7705,-4,fc,-0.061037
7706,-2,fe,-0.030519
7707,-4,fc,-0.061037
7708,0,00,0
7709,-4,fc,-0.061037
7710,-3,fd,-0.045778
7711,-2,fe,-0.030519
7712,-3,fd,-0.045778
7713,-2,fe,-0.030519
7714,-2,fe,-0.030519
7715,-1,ff,-0.015259
7716,0,00,0
7717,-2,fe,-0.030519
7718,0,00,0
7719,-1,ff,-0.015259
7720,0,00,0
7721,0,00,0
7722,-1,ff,-0.015259
7723,2,02,0.030519
7724,-1,ff,-0.015259
7725,0,00,0
7726,1,01,0.015259
7727,0,00,0
7728,0,00,0
7729,0,00,0
7730,0,00,0
7731,1,01,0.015259
7732,0,00,0
7733,0,00,0
7734,-1,ff,-0.015259
7735,0,00,0
7736,0,00,0
7737,-2,fe,-0.030519
7738,0,00,0
7739,-2,fe,-0.030519
7740,-1,ff,-0.015259
7741,0,00,0
7742,-2,fe,-0.030519
7743,-1,ff,-0.015259
7744,-2,fe,-0.030519
7745,-1,ff,-0.015259
7746,0,00,0
7747,-1,ff,-0.015259
7748,0,00,0
7749,-1,ff,-0.015259
7750,0,00,0
7751,0,00,0
7752,-1,ff,-0.015259
7753,1,01,0.015259
7754,-3,fd,-0.045778
7755,-2,fe,-0.030519
7756,-1,ff,-0.015259
7757,-3,fd,-0.045778
7758,-2,fe,-0.030519
7759,-3,fd,-0.045778
7760,-2,fe,-0.030519
7761,-1,ff,-0.015259
7762,-3,fd,-0.045778
7763,-1,ff,-0.015259
7764,-2,fe,-0.030519
7765,-1,ff,-0.015259
7766,-1,ff,-0.015259
7767,-3,fd,-0.045778
7768,0,00,0
7769,-3,fd,-0.045778
7770,-2,fe,-0.030519
7771,0,00,0
7772,-2,fe,-0.030519
7773,-1,ff,-0.015259
7774,-1,ff,-0.015259
7775,0,00,0
7776,0,00,0
7777,0,00,0
7778,0,00,0
7779,0,00,0
7780,0,00,0
7781,0,00,0
7782,-2,fe,-0.030519
7783,1,01,0.015259
7784,-2,fe,-0.030519
7785,-2,fe,-0.030519
7786,-1,ff,-0.015259
7787,-3,fd,-0.045778
7788,-2,fe,-0.030519
7789,-3,fd,-0.045778
7790,-2,fe,-0.030519
7791,-1,ff,-0.015259
7792,-3,fd,-0.045778
7793,-2,fe,-0.030519
7794,-2,fe,-0.030519
7795,-1,ff,-0.015259
7796,0,00,0
7797,-1,ff,-0.015259
7798,2,02,0.030519
7799,-1,ff,-0.015259
7800,0,00,0
7801,1,01,0.015259
7802,0,00,0
7803,0,00,0
7804,0,00,0
7805,1,01,0.015259
7806,4,04,0.061037
7807,4,04,0.061037
7808,6,06,0.091556
7809,4,04,0.061037
7810,2,02,0.030519
7811,-1,ff,-0.015259
7812,-8,f8,-0.122074
7813,-11,f5,-0.167852
7814,-20,ec,-0.305185
7815,-21,eb,-0.320444
7816,-18,ee,-0.274667
7817,-14,f2,-0.21363
7818,-7,f9,-0.106815
7819,0,00,0
7820,4,04,0.061037
7821,7,07,0.106815
7822,6,06,0.091556
7823,7,07,0.106815
7824,5,05,0.076296
7825,4,04,0.061037
7826,3,03,0.045778
7827,0,00,0
7828,3,03,0.045778
7829,0,00,0
7830,0,00,0
7831,0,00,0
7832,-1,ff,-0.015259
7833,0,00,0
7834,0,00,0
7835,1,01,0.015259
7836,2,02,0.030519
7837,0,00,0
7838,0,00,0
7839,0,00,0
7840,0,00,0
7841,0,00,0
7842,-3,fd,-0.045778
7843,0,00,0
7844,-2,fe,-0.030519
7845,-1,ff,-0.015259
7846,0,00,0
7847,-2,fe,-0.030519
7848,-1,ff,-0.015259
7849,-1,ff,-0.015259
7850,0,00,0
7851,0,00,0
7852,-1,ff,-0.015259
7853,0,00,0
7854,0,00,0
7855,0,00,0
7856,0,00,0
7857,-1,ff,-0.015259
7858,1,01,0.015259
7859,-1,ff,-0.015259
7860,-1,ff,-0.015259
7861,-1,ff,-0.015259
7862,-4,fc,-0.061037
7863,-4,fc,-0.061037
7864,-5,fb,-0.076296
7865,-6,fa,-0.091556
7866,-6,fa,-0.091556
7867,-9,f7,-0.137333
7868,-8,f8,-0.122074
7869,-8,f8,-0.122074
7870,-7,f9,-0.106815
7871,-6,fa,-0.091556
7872,-7,f9,-0.106815
7873,-3,fd,-0.045778
7874,-5,fb,-0.076296
7875,-3,fd,-0.045778
7876,-1,ff,-0.015259
7877,-3,fd,-0.045778
7878,-2,fe,-0.030519
7879,-2,fe,-0.030519
7880,-2,fe,-0.030519
7881,-1,ff,-0.015259
7882,-2,fe,-0.030519
7883,-1,ff,-0.015259
7884,-1,ff,-0.015259
7885,0,00,0
7886,1,01,0.015259
7887,0,00,0
7888,3,03,0.045778
7889,0,00,0
7890,0,00,0
7891,1,01,0.015259
7892,0,00,0
7893,0,00,0
7894,0,00,0
7895,1,01,0.015259
7896,2,02,0.030519
7897,0,00,0
7898,0,00,0
7899,0,00,0
7900,0,00,0
7901,0,00,0
7902,-1,ff,-0.015259
7903,1,01,0.015259
7904,0,00,0
7905,-2,fe,-0.030519
7906,-1,ff,-0.015259
7907,-2,fe,-0.030519
7908,-2,fe,-0.030519
7909,-3,fd,-0.045778
7910,-3,fd,-0.045778
7911,-2,fe,-0.030519
7912,-3,fd,-0.045778
7913,-3,fd,-0.045778
7914,-3,fd,-0.045778
7915,-2,fe,-0.030519
7916,0,00,0
7917,-2,fe,-0.030519
7918,0,00,0
7919,-2,fe,-0.030519
7920,-2,fe,-0.030519
7921,0,00,0
7922,-2,fe,-0.030519
7923,-1,ff,-0.015259
7924,0,00,0
7925,1,01,0.015259
7926,2,02,0.030519
7927,-2,fe,-0.030519
7928,-1,ff,-0.015259
7929,-2,fe,-0.030519
7930,-2,fe,-0.030519
7931,-1,ff,-0.015259
7932,-3,fd,-0.045778
7933,0,00,0
7934,-2,fe,-0.030519
7935,-2,fe,-0.030519
7936,-1,ff,-0.015259
7937,-2,fe,-0.030519
7938,-2,fe,-0.030519
7939,-2,fe,-0.030519
7940,-1,ff,-0.015259
7941,0,00,0
7942,-2,fe,-0.030519
7943,-2,fe,-0.030519
7944,-2,fe,-0.030519
7945,-2,fe,-0.030519
7946,0,00,0
7947,-1,ff,-0.015259
7948,3,03,0.045778
7949,0,00,0
7950,0,00,0
7951,1,01,0.015259
7952,0,00,0
7953,0,00,0
7954,-1,ff,-0.015259
7955,-2,fe,-0.030519
7956,-2,fe,-0.030519
7957,-4,fc,-0.061037
7958,-4,fc,-0.061037
7959,-4,fc,-0.061037
7960,-3,fd,-0.045778
7961,-3,fd,-0.045778
7962,-4,fc,-0.061037
7963,0,00,0
7964,-3,fd,-0.045778
7965,-2,fe,-0.030519
7966,-1,ff,-0.015259
7967,-2,fe,-0.030519
7968,-1,ff,-0.015259
7969,-1,ff,-0.015259
7970,0,00,0
7971,0,00,0
7972,-1,ff,-0.015259
7973,0,00,0
7974,0,00,0
7975,0,00,0
7976,2,02,0.030519
7977,3,03,0.045778
7978,9,09,0.137333
7979,6,06,0.091556
7980,5,05,0.076296
7981,2,02,0.030519
7982,-4,fc,-0.061037
7983,-9,f7,-0.137333
7984,-17,ef,-0.259407
7985,-20,ec,-0.305185
7986,-19,ed,-0.289926
7987,-17,ef,-0.259407
7988,-11,f5,-0.167852
7989,-4,fc,-0.061037
7990,3,03,0.045778
7991,9,09,0.137333
7992,10,0a,0.152593
7993,14,0e,0.21363
7994,8,08,0.122074
7995,7,07,0.106815
7996,6,06,0.091556
7997,2,02,0.030519
7998,1,01,0.015259
7999,0,00,0
8000,0,00,0
8001,0,00,0
8002,-3,fd,-0.045778
8003,-3,fd,-0.045778
8004,-4,fc,-0.061037
8005,-4,fc,-0.061037
8006,-2,fe,-0.030519
8007,-3,fd,-0.045778
8008,0,00,0
8009,-3,fd,-0.045778
8010,-2,fe,-0.030519
8011,-1,ff,-0.015259
8012,-2,fe,-0.030519
8013,-2,fe,-0.030519
8014,-2,fe,-0.030519
8015,-2,fe,-0.030519
8016,-1,ff,-0.015259
8017,-3,fd,-0.045778
8018,-2,fe,-0.030519
8019,-1,ff,-0.015259
8020,0,00,0
8021,2,02,0.030519
8022,0,00,0
8023,5,05,0.076296
8024,0,00,0
8025,1,01,0.015259
8026,1,01,0.015259
8027,0,00,0
8028,0,00,0
8029,-1,ff,-0.015259
8030,-1,ff,-0.015259
8031,-1,ff,-0.015259
8032,-4,fc,-0.061037
8033,-4,fc,-0.061037
8034,-5,fb,-0.076296
8035,-5,fb,-0.076296
8036,-4,fc,-0.061037
8037,-6,fa,-0.091556
8038,-3,fd,-0.045778
8039,-6,fa,-0.091556
8040,-6,fa,-0.091556
8041,-5,fb,-0.076296
8042,-8,f8,-0.122074
8043,-8,f8,-0.122074
8044,-8,f8,-0.122074
8045,-7,f9,-0.106815
8046,-5,fb,-0.076296
8047,-7,f9,-0.106815
8048,-5,fb,-0.076296
8049,-4,fc,-0.061037
8050,-2,fe,-0.030519
8051,0,00,0
8052,-1,ff,-0.015259
8053,2,02,0.030519
8054,0,00,0
8055,1,01,0.015259
8056,2,02,0.030519
8057,1,01,0.015259
8058,2,02,0.030519
8059,2,02,0.030519
8060,2,02,0.030519
8061,3,03,0.045778
8062,0,00,0
8063,1,01,0.015259
8064,0,00,0
8065,0,00,0
8066,0,00,0
8067,-1,ff,-0.015259
8068,1,01,0.015259
8069,0,00,0
8070,-1,ff,-0.015259
8071,-1,ff,-0.015259
8072,-3,fd,-0.045778
8073,-2,fe,-0.030519
8074,-2,fe,-0.030519
8075,-1,ff,-0.015259
8076,0,00,0
8077,-1,ff,-0.015259
8078,0,00,0
8079,0,00,0
8080,0,00,0
8081,0,00,0
8082,-1,ff,-0.015259
8083,1,01,0.015259
8084,0,00,0
8085,-1,ff,-0.015259
8086,-1,ff,-0.015259
8087,-3,fd,-0.045778
8088,-2,fe,-0.030519
8089,-2,fe,-0.030519
8090,-1,ff,-0.015259
8091,0,00,0
8092,-1,ff,-0.015259
8093,-1,ff,-0.015259
8094,-1,ff,-0.015259
8095,-1,ff,-0.015259
8096,0,00,0
8097,-2,fe,-0.030519
8098,0,00,0
8099,-1,ff,-0.015259
8100,-2,fe,-0.030519
8101,-1,ff,-0.015259
8102,-2,fe,-0.030519
8103,-1,ff,-0.015259
8104,-2,fe,-0.030519
8105,-1,ff,-0.015259
8106,0,00,0
8107,-2,fe,-0.030519
8108,-2,fe,-0.030519
8109,-2,fe,-0.030519
8110,-1,ff,-0.015259
8111,0,00,0
8112,-2,fe,-0.030519
8113,1,01,0.015259
8114,-1,ff,-0.015259
8115,0,00,0
8116,0,00,0
8117,-2,fe,-0.030519
8118,-2,fe,-0.030519
8119,-2,fe,-0.030519
8120,-1,ff,-0.015259
8121,0,00,0
8122,-2,fe,-0.030519
8123,-2,fe,-0.030519
8124,-3,fd,-0.045778
8125,-2,fe,-0.030519
8126,0,00,0
8127,-1,ff,-0.015259
8128,1,01,0.015259
8129,0,00,0
8130,-2,fe,-0.030519
8131,-1,ff,-0.015259
8132,-3,fd,-0.045778
8133,-2,fe,-0.030519
8134,-2,fe,-0.030519
8135,-1,ff,-0.015259
8136,0,00,0
8137,-1,ff,-0.015259
8138,-1,ff,-0.015259
8139,-1,ff,-0.015259
8140,-1,ff,-0.015259
8141,0,00,0
8142,-2,fe,-0.030519
8143,1,01,0.015259
8144,-2,fe,-0.030519
8145,0,00,0
8146,1,01,0.015259
8147,0,00,0
8148,1,01,0.015259
8149,2,02,0.030519
8150,5,05,0.076296
8151,7,07,0.106815
8152,5,05,0.076296
8153,3,03,0.045778
8154,0,00,0
8155,-4,fc,-0.061037
8156,-9,f7,-0.137333
8157,-17,ef,-0.259407
8158,-19,ed,-0.289926
8159,-21,eb,-0.320444
8160,-20,ec,-0.305185
8161,-12,f4,-0.183111
8162,-6,fa,-0.091556
8163,0,00,0
8164,4,04,0.061037
8165,6,06,0.091556
8166,8,08,0.122074
8167,6,06,0.091556
8168,5,05,0.076296
8169,3,03,0.045778
8170,2,02,0.030519
8171,2,02,0.030519
8172,0,00,0
8173,3,03,0.045778
8174,0,00,0
8175,0,00,0
8176,0,00,0
8177,-1,ff,-0.015259
8178,-1,ff,-0.015259
8179,-1,ff,-0.015259
8180,0,00,0
8181,0,00,0
8182,0,00,0
8183,0,00,0
8184,0,00,0
8185,0,00,0
8186,0,00,0
8187,-1,ff,-0.015259
8188,1,01,0.015259
8189,-2,fe,-0.030519
8190,-1,ff,-0.015259
8191,0,00,0
8192,-2,fe,-0.030519
8193,-1,ff,-0.015259
8194,-2,fe,-0.030519
8195,-1,ff,-0.015259
8196,-1,ff,-0.015259
8197,-2,fe,-0.030519
8198,-2,fe,-0.030519
8199,-2,fe,-0.030519
8200,-1,ff,-0.015259
8201,0,00,0
8202,-1,ff,-0.015259
8203,1,01,0.015259
8204,-2,fe,-0.030519
8205,-2,fe,-0.030519
8206,-2,fe,-0.030519
8207,-3,fd,-0.045778
8208,-3,fd,-0.045778
8209,-3,fd,-0.045778
8210,-3,fd,-0.045778
8211,-2,fe,-0.030519
8212,-4,fc,-0.061037
8213,-4,fc,-0.061037
8214,-5,fb,-0.076296
8215,-4,fc,-0.061037
8216,-3,fd,-0.045778
8217,-5,fb,-0.076296
8218,-1,ff,-0.015259
8219,-5,fb,-0.076296
8220,-5,fb,-0.076296
8221,-4,fc,-0.061037
8222,-6,fa,-0.091556
8223,-4,fc,-0.061037
8224,-4,fc,-0.061037
8225,-3,fd,-0.045778
8226,-1,ff,-0.015259
8227,-2,fe,-0.030519
8228,-1,ff,-0.015259
8229,-1,ff,-0.015259
8230,0,00,0
8231,1,01,0.015259
8232,0,00,0
8233,3,03,0.045778
8234,0,00,0
8235,0,00,0
8236,1,01,0.015259
8237,0,00,0
8238,0,00,0
8239,0,00,0
8240,0,00,0
8241,1,01,0.015259
8242,0,00,0
8243,0,00,0
8244,0,00,0
8245,0,00,0
8246,0,00,0
8247,0,00,0
8248,2,02,0.030519
8249,0,00,0
8250,-1,ff,-0.015259
8251,0,00,0
8252,-2,fe,-0.030519
8253,-1,ff,-0.015259
8254,-2,fe,-0.030519
8255,-1,ff,-0.015259
8256,0,00,0
8257,-1,ff,-0.015259
8258,-1,ff,-0.015259
8259,-2,fe,-0.030519
8260,-1,ff,-0.015259
8261,0,00,0
8262,-2,fe,-0.030519
8263,0,00,0
8264,-2,fe,-0.030519
8265,-2,fe,-0.030519
8266,-1,ff,-0.015259
8267,-2,fe,-0.030519
8268,-2,fe,-0.030519
8269,-2,fe,-0.030519
8270,-1,ff,-0.015259
8271,0,00,0
8272,-1,ff,-0.015259
8273,0,00,0
8274,-1,ff,-0.015259
8275,0,00,0
8276,0,00,0
8277,-2,fe,-0.030519
8278,1,01,0.015259
8279,-2,fe,-0.030519
8280,-1,ff,-0.015259
8281,0,00,0
8282,-1,ff,-0.015259
8283,-1,ff,-0.015259
8284,-2,fe,-0.030519
8285,-1,ff,-0.015259
8286,0,00,0
8287,-2,fe,-0.030519
8288,-2,fe,-0.030519
8289,-2,fe,-0.030519
8290,-1,ff,-0.015259
8291,0,00,0
8292,0,00,0
8293,2,02,0.030519
8294,-1,ff,-0.015259
8295,-1,ff,-0.015259
8296,-1,ff,-0.015259
8297,-3,fd,-0.045778
8298,-3,fd,-0.045778
8299,-3,fd,-0.045778
8300,-2,fe,-0.030519
8301,-1,ff,-0.015259
8302,-3,fd,-0.045778
8303,-2,fe,-0.030519
8304,-1,ff,-0.015259
8305,0,00,0
8306,0,00,0
8307,-1,ff,-0.015259
8308,2,02,0.030519
8309,-1,ff,-0.015259
8310,-1,ff,-0.015259
8311,-1,ff,-0.015259
8312,-2,fe,-0.030519
8313,-1,ff,-0.015259
8314,0,00,0
8315,0,00,0
8316,3,03,0.045778
8317,3,03,0.045778
8318,5,05,0.076296
8319,5,05,0.076296
8320,4,04,0.061037
8321,2,02,0.030519
8322,-4,fc,-0.061037
8323,-7,f9,-0.106815
8324,-14,f2,-0.21363
8325,-21,eb,-0.320444
8326,-19,ed,-0.289926
8327,-17,ef,-0.259407
8328,-10,f6,-0.152593
8329,-3,fd,-0.045778
8330,3,03,0.045778
8331,9,09,0.137333
8332,9,09,0.137333
8333,9,09,0.137333
8334,9,09,0.137333
8335,8,08,0.122074
8336,8,08,0.122074
8337,3,03,0.045778
8338,5,05,0.076296
8339,0,00,0
8340,0,00,0
8341,0,00,0
8342,-3,fd,-0.045778
8343,-3,fd,-0.045778
8344,-3,fd,-0.045778
8345,-2,fe,-0.030519
8346,-1,ff,-0.015259
8347,-4,fc,-0.061037
8348,-3,fd,-0.045778
8349,-3,fd,-0.045778
8350,-2,fe,-0.030519
8351,-1,ff,-0.015259
8352,-4,fc,-0.061037
8353,0,00,0
8354,-3,fd,-0.045778
8355,-2,fe,-0.030519
8356,0,00,0
8357,-1,ff,-0.015259
8358,0,00,0
8359,1,01,0.015259
8360,3,03,0.045778
8361,5,05,0.076296
8362,2,02,0.030519
8363,1,01,0.015259
8364,0,00,0
8365,0,00,0
8366,1,01,0.015259
8367,-1,ff,-0.015259
8368,0,00,0
8369,-3,fd,-0.045778
8370,-3,fd,-0.045778
8371,-2,fe,-0.030519
8372,-5,fb,-0.076296
8373,-6,fa,-0.091556
8374,-6,fa,-0.091556
8375,-5,fb,-0.076296
8376,-3,fd,-0.045778
8377,-5,fb,-0.076296
8378,-5,fb,-0.076296
8379,-6,fa,-0.091556
8380,-6,fa,-0.091556
8381,-7,f9,-0.106815
8382,-10,f6,-0.152593
8383,-7,f9,-0.106815
8384,-9,f7,-0.137333
8385,-8,f8,-0.122074
8386,-5,fb,-0.076296
8387,-6,fa,-0.091556
8388,-4,fc,-0.061037
8389,-3,fd,-0.045778
8390,-1,ff,-0.015259
8391,0,00,0
8392,-1,ff,-0.015259
8393,0,00,0
8394,0,00,0
8395,1,01,0.015259
8396,3,03,0.045778
8397,1,01,0.015259
8398,5,05,0.076296
8399,3,03,0.045778
8400,1,01,0.015259
8401,1,01,0.015259
8402,0,00,0
8403,0,00,0
8404,0,00,0
8405,0,00,0
8406,1,01,0.015259
8407,0,00,0
8408,1,01,0.015259
8409,1,01,0.015259
8410,2,02,0.030519
8411,4,04,0.061037
8412,1,01,0.015259
8413,3,03,0.045778
8414,-1,ff,-0.015259
8415,-1,ff,-0.015259
8416,0,00,0
8417,-3,fd,-0.045778
8418,-3,fd,-0.045778
8419,-3,fd,-0.045778
8420,-3,fd,-0.045778
8421,-1,ff,-0.015259
8422,-3,fd,-0.045778
8423,-3,fd,-0.045778
8424,-3,fd,-0.045778
8425,-2,fe,-0.030519
8426,-1,ff,-0.015259
8427,-3,fd,-0.045778
8428,0,00,0
8429,-3,fd,-0.045778
8430,-2,fe,-0.030519
8431,0,00,0
8432,-1,ff,-0.015259
8433,0,00,0
8434,0,00,0
8435,0,00,0
8436,0,00,0
8437,-1,ff,-0.015259
8438,-1,ff,-0.015259
8439,-2,fe,-0.030519
8440,-2,fe,-0.030519
8441,-1,ff,-0.015259
8442,-3,fd,-0.045778
8443,0,00,0
8444,-3,fd,-0.045778
8445,-2,fe,-0.030519
8446,0,00,0
8447,-2,fe,-0.030519
8448,-2,fe,-0.030519
8449,-2,fe,-0.030519
8450,-1,ff,-0.015259
8451,0,00,0
8452,-2,fe,-0.030519
8453,-2,fe,-0.030519
8454,-3,fd,-0.045778
8455,-2,fe,-0.030519
8456,0,00,0
8457,-2,fe,-0.030519
8458,1,01,0.015259
8459,-2,fe,-0.030519
8460,-1,ff,-0.015259
8461,0,00,0
8462,-2,fe,-0.030519
8463,-1,ff,-0.015259
8464,-2,fe,-0.030519
8465,-2,fe,-0.030519
8466,-1,ff,-0.015259
8467,-4,fc,-0.061037
8468,-4,fc,-0.061037
8469,-4,fc,-0.061037
8470,-4,fc,-0.061037
8471,-2,fe,-0.030519
8472,-3,fd,-0.045778
8473,0,00,0
8474,-2,fe,-0.030519
8475,-1,ff,-0.015259
8476,0,00,0
8477,-1,ff,-0.015259
8478,0,00,0
8479,0,00,0
8480,0,00,0
8481,0,00,0
8482,-1,ff,-0.015259
8483,0,00,0
8484,0,00,0
8485,0,00,0
8486,2,02,0.030519
8487,3,03,0.045778
8488,9,09,0.137333
8489,10,0a,0.152593
8490,5,05,0.076296
8491,4,04,0.061037
8492,-2,fe,-0.030519
8493,-7,f9,-0.106815
8494,-14,f2,-0.21363
8495,-19,ed,-0.289926
8496,-18,ee,-0.274667
8497,-18,ee,-0.274667
8498,-13,f3,-0.19837
8499,-8,f8,-0.122074
8500,-1,ff,-0.015259
8501,4,04,0.061037
8502,5,05,0.076296
8503,9,09,0.137333
8504,10,0a,0.152593
8505,6,06,0.091556
8506,6,06,0.091556
8507,3,03,0.045778
8508,1,01,0.015259
8509,0,00,0
8510,0,00,0
8511,0,00,0
8512,-1,ff,-0.015259
8513,-1,ff,-0.015259
8514,-2,fe,-0.030519
8515,-2,fe,-0.030519
8516,0,00,0
8517,-2,fe,-0.030519
8518,0,00,0
8519,-3,fd,-0.045778
8520,-2,fe,-0.030519
8521,0,00,0
8522,-2,fe,-0.030519
8523,-1,ff,-0.015259
8524,-1,ff,-0.015259
8525,0,00,0
8526,0,00,0
8527,0,00,0
8528,0,00,0
8529,0,00,0
8530,0,00,0
8531,1,01,0.015259
8532,-1,ff,-0.015259
8533,2,02,0.030519
8534,-2,fe,-0.030519
8535,-1,ff,-0.015259
8536,0,00,0
8537,-2,fe,-0.030519
8538,-3,fd,-0.045778
8539,-3,fd,-0.045778
8540,-2,fe,-0.030519
8541,-1,ff,-0.015259
8542,-3,fd,-0.045778
8543,-3,fd,-0.045778
8544,-4,fc,-0.061037
8545,-3,fd,-0.045778
8546,-1,ff,-0.015259
8547,-4,fc,-0.061037
8548,-1,ff,-0.015259
8549,-4,fc,-0.061037
8550,-3,fd,-0.045778
8551,-2,fe,-0.030519
8552,-4,fc,-0.061037
8553,-4,fc,-0.061037
8554,-4,fc,-0.061037
8555,-3,fd,-0.045778
8556,-2,fe,-0.030519
8557,-3,fd,-0.045778
8558,-3,fd,-0.045778
8559,-3,fd,-0.045778
8560,-3,fd,-0.045778
8561,-1,ff,-0.015259
8562,-3,fd,-0.045778
8563,0,00,0
8564,-2,fe,-0.030519
8565,-1,ff,-0.015259
8566,0,00,0
8567,-1,ff,-0.015259
8568,0,00,0
8569,0,00,0
8570,0,00,0
8571,1,01,0.015259
8572,0,00,0
8573,0,00,0
8574,0,00,0
8575,0,00,0
8576,1,01,0.015259
8577,0,00,0
8578,3,03,0.045778
8579,3,03,0.045778
8580,0,00,0
8581,1,01,0.015259
8582,-1,ff,-0.015259
8583,-1,ff,-0.015259
8584,-2,fe,-0.030519
8585,-1,ff,-0.015259
8586,0,00,0
8587,-2,fe,-0.030519
8588,-1,ff,-0.015259
8589,-1,ff,-0.015259
8590,-1,ff,-0.015259
8591,0,00,0
8592,-1,ff,-0.015259
8593,1,01,0.015259
8594,-1,ff,-0.015259
8595,-1,ff,-0.015259
8596,0,00,0
8597,-2,fe,-0.030519
8598,-1,ff,-0.015259
8599,-2,fe,-0.030519
8600,-2,fe,-0.030519
8601,0,00,0
8602,-2,fe,-0.030519
8603,-2,fe,-0.030519
8604,-2,fe,-0.030519
8605,-2,fe,-0.030519
8606,0,00,0
8607,-2,fe,-0.030519
8608,0,00,0
8609,-3,fd,-0.045778
8610,-2,fe,-0.030519
8611,0,00,0
8612,-2,fe,-0.030519
8613,-1,ff,-0.015259
8614,-1,ff,-0.015259
8615,-1,ff,-0.015259
8616,0,00,0
8617,-1,ff,-0.015259
8618,-1,ff,-0.015259
8619,-1,ff,-0.015259
8620,-1,ff,-0.015259
8621,0,00,0
8622,-2,fe,-0.030519
8623,0,00,0
8624,-3,fd,-0.045778
8625,-2,fe,-0.030519
8626,0,00,0
8627,-1,ff,-0.015259
8628,-1,ff,-0.015259
8629,-1,ff,-0.015259
8630,0,00,0
8631,1,01,0.015259
8632,-1,ff,-0.015259
8633,0,00,0
8634,-1,ff,-0.015259
8635,0,00,0
8636,0,00,0
8637,-1,ff,-0.015259
8638,0,00,0
8639,-3,fd,-0.045778
8640,-3,fd,-0.045778
8641,-2,fe,-0.030519
8642,-4,fc,-0.061037
8643,-4,fc,-0.061037
8644,-4,fc,-0.061037
8645,-3,fd,-0.045778
8646,-2,fe,-0.030519
8647,-3,fd,-0.045778
8648,-2,fe,-0.030519
8649,-2,fe,-0.030519
8650,-1,ff,-0.015259
8651,0,00,0
8652,-1,ff,-0.015259
8653,2,02,0.030519
8654,-1,ff,-0.015259
8655,-1,ff,-0.015259
8656,0,00,0
8657,0,00,0
8658,1,01,0.015259
8659,3,03,0.045778
8660,5,05,0.076296
8661,6,06,0.091556
8662,3,03,0.045778
8663,1,01,0.015259
8664,-3,fd,-0.045778
8665,-7,f9,-0.106815
8666,-13,f3,-0.19837
8667,-20,ec,-0.305185
8668,-19,ed,-0.289926
8669,-20,ec,-0.305185
8670,-15,f1,-0.228889
8671,-7,f9,-0.106815
8672,-2,fe,-0.030519
8673,2,02,0.030519
8674,5,05,0.076296
8675,6,06,0.091556
8676,8,08,0.122074
8677,6,06,0.091556
8678,5,05,0.076296
8679,3,03,0.045778
8680,2,02,0.030519
8681,2,02,0.030519
8682,0,00,0
8683,2,02,0.030519
8684,0,00,0
8685,-1,ff,-0.015259
8686,0,00,0
8687,-2,fe,-0.030519
8688,-1,ff,-0.015259
8689,-2,fe,-0.030519
8690,-1,ff,-0.015259
8691,0,00,0
8692,-1,ff,-0.015259
8693,-1,ff,-0.015259
8694,-1,ff,-0.015259
8695,-1,ff,-0.015259
8696,0,00,0
8697,-2,fe,-0.030519
8698,1,01,0.015259
8699,-2,fe,-0.030519
8700,-2,fe,-0.030519
8701,0,00,0
8702,-2,fe,-0.030519
8703,-1,ff,-0.015259
8704,-1,ff,-0.015259
8705,0,00,0
8706,0,00,0
8707,-1,ff,-0.015259
8708,0,00,0
8709,0,00,0
8710,0,00,0
8711,0,00,0
8712,-2,fe,-0.030519
8713,0,00,0
8714,-4,fc,-0.061037
8715,-4,fc,-0.061037
8716,-3,fd,-0.045778
8717,-5,fb,-0.076296
8718,-5,fb,-0.076296
8719,-6,fa,-0.091556
8720,-6,fa,-0.091556
8721,-5,fb,-0.076296
8722,-6,fa,-0.091556
8723,-5,fb,-0.076296
8724,-5,fb,-0.076296
8725,-4,fc,-0.061037
8726,-2,fe,-0.030519
8727,-4,fc,-0.061037
8728,0,00,0
8729,-3,fd,-0.045778
8730,-3,fd,-0.045778
8731,-1,ff,-0.015259
8732,-3,fd,-0.045778
8733,-2,fe,-0.030519
8734,-2,fe,-0.030519
8735,-1,ff,-0.015259
8736,0,00,0
8737,-1,ff,-0.015259
8738,0,00,0
8739,0,00,0
8740,0,00,0
8741,1,01,0.015259
8742,0,00,0
8743,3,03,0.045778
8744,0,00,0
8745,0,00,0
8746,1,01,0.015259
8747,-1,ff,-0.015259
8748,-1,ff,-0.015259
8749,-1,ff,-0.015259
8750,-1,ff,-0.015259
8751,0,00,0
8752,-1,ff,-0.015259
8753,-1,ff,-0.015259
8754,-1,ff,-0.015259
8755,-1,ff,-0.015259
8756,0,00,0
8757,-2,fe,-0.030519
8758,1,01,0.015259
8759,-2,fe,-0.030519
8760,-1,ff,-0.015259
8761,0,00,0
8762,-2,fe,-0.030519
8763,-1,ff,-0.015259
8764,-1,ff,-0.015259
8765,0,00,0
8766,0,00,0
8767,-1,ff,-0.015259
8768,0,00,0
8769,-1,ff,-0.015259
8770,0,00,0
8771,0,00,0
8772,-2,fe,-0.030519
8773,1,01,0.015259
8774,-2,fe,-0.030519
8775,-2,fe,-0.030519
8776,-1,ff,-0.015259
8777,-3,fd,-0.045778
8778,-2,fe,-0.030519
8779,-2,fe,-0.030519
8780,-2,fe,-0.030519
8781,-1,ff,-0.015259
8782,-3,fd,-0.045778
8783,-1,ff,-0.015259
8784,-1,ff,-0.015259
8785,0,00,0
8786,0,00,0
8787,-2,fe,-0.030519
8788,0,00,0
8789,-2,fe,-0.030519
8790,-1,ff,-0.015259
8791,0,00,0
8792,-1,ff,-0.015259
8793,0,00,0
8794,-1,ff,-0.015259
8795,0,00,0
8796,1,01,0.015259
8797,0,00,0
8798,0,00,0
8799,0,00,0
8800,-1,ff,-0.015259
8801,0,00,0
8802,-2,fe,-0.030519
8803,0,00,0
8804,0,00,0
8805,-2,fe,-0.030519
8806,0,00,0
8807,-1,ff,-0.015259
8808,-1,ff,-0.015259
8809,-2,fe,-0.030519
8810,-3,fd,-0.045778
8811,-2,fe,-0.030519
8812,-3,fd,-0.045778
8813,-3,fd,-0.045778
8814,-4,fc,-0.061037
8815,-3,fd,-0.045778
8816,-2,fe,-0.030519
8817,-3,fd,-0.045778
8818,0,00,0
8819,-2,fe,-0.030519
8820,-1,ff,-0.015259
8821,0,00,0
8822,0,00,0
8823,0,00,0
8824,0,00,0
8825,0,00,0
8826,1,01,0.015259
8827,0,00,0
8828,0,00,0
8829,0,00,0
8830,1,01,0.015259
8831,5,05,0.076296
8832,6,06,0.091556
8833,11,0b,0.167852
8834,10,0a,0.152593
8835,4,04,0.061037
8836,1,01,0.015259
8837,-5,fb,-0.076296
8838,-12,f4,-0.183111
8839,-20,ec,-0.305185
8840,-23,e9,-0.350963
8841,-20,ec,-0.305185
8842,-17,ef,-0.259407
8843,-10,f6,-0.152593
8844,-5,fb,-0.076296
8845,0,00,0
8846,5,05,0.076296
8847,6,06,0.091556
8848,10,0a,0.152593
8849,6,06,0.091556
8850,5,05,0.076296
8851,4,04,0.061037
8852,1,01,0.015259
8853,0,00,0
8854,0,00,0
8855,-1,ff,-0.015259
8856,0,00,0
8857,-2,fe,-0.030519
8858,-2,fe,-0.030519
8859,-2,fe,-0.030519
8860,-2,fe,-0.030519
8861,0,00,0
8862,-1,ff,-0.015259
8863,2,02,0.030519
8864,-1,ff,-0.015259
8865,-1,ff,-0.015259
8866,0,00,0
8867,-2,fe,-0.030519
8868,-1,ff,-0.015259
8869,-1,ff,-0.015259
8870,-1,ff,-0.015259
8871,0,00,0
8872,-1,ff,-0.015259
8873,0,00,0
8874,0,00,0
8875,0,00,0
8876,0,00,0
8877,0,00,0
8878,2,02,0.030519
8879,0,00,0
8880,-1,ff,-0.015259
8881,0,00,0
8882,-3,fd,-0.045778
8883,-3,fd,-0.045778
8884,-4,fc,-0.061037
8885,-3,fd,-0.045778
8886,-1,ff,-0.015259
8887,-3,fd,-0.045778
8888,-3,fd,-0.045778
8889,-4,fc,-0.061037
8890,-5,fb,-0.076296
8891,-5,fb,-0.076296
8892,-7,f9,-0.106815
8893,-4,fc,-0.061037
8894,-8,f8,-0.122074
8895,-8,f8,-0.122074
8896,-6,fa,-0.091556
8897,-7,f9,-0.106815
8898,-7,f9,-0.106815
8899,-7,f9,-0.106815
8900,-6,fa,-0.091556
8901,-5,fb,-0.076296
8902,-6,fa,-0.091556
8903,-5,fb,-0.076296
8904,-4,fc,-0.061037
8905,-2,fe,-0.030519
8906,0,00,0
8907,0,00,0
8908,3,03,0.045778
8909,1,01,0.015259
8910,1,01,0.015259
8911,3,03,0.045778
8912,1,01,0.015259
8913,2,02,0.030519
8914,1,01,0.015259
8915,1,01,0.015259
8916,3,03,0.045778
8917,1,01,0.015259
8918,1,01,0.015259
8919,0,00,0
8920,0,00,0
8921,0,00,0
8922,-1,ff,-0.015259
8923,0,00,0
8924,1,01,0.015259
8925,-1,ff,-0.015259
8926,0,00,0
8927,-1,ff,-0.015259
8928,0,00,0
8929,0,00,0
8930,0,00,0
8931,0,00,0
8932,-2,fe,-0.030519
8933,-1,ff,-0.015259
8934,-2,fe,-0.030519
8935,-1,ff,-0.015259
8936,0,00,0
8937,-2,fe,-0.030519
8938,0,00,0
8939,-2,fe,-0.030519
8940,-2,fe,-0.030519
8941,0,00,0
8942,-2,fe,-0.030519
8943,-1,ff,-0.015259
8944,-2,fe,-0.030519
8945,-1,ff,-0.015259
8946,0,00,0
8947,-1,ff,-0.015259
8948,-1,ff,-0.015259
8949,-1,ff,-0.015259
8950,0,00,0
8951,0,00,0
8952,-1,ff,-0.015259
8953,1,01,0.015259
8954,-1,ff,-0.015259
8955,-1,ff,-0.015259
8956,0,00,0
8957,-2,fe,-0.030519
8958,-1,ff,-0.015259
8959,-2,fe,-0.030519
8960,-1,ff,-0.015259
8961,0,00,0
8962,-2,fe,-0.030519
8963,-2,fe,-0.030519
8964,-3,fd,-0.045778
8965,-2,fe,-0.030519
8966,-1,ff,-0.015259
8967,-3,fd,-0.045778
8968,0,00,0
8969,-3,fd,-0.045778
8970,-2,fe,-0.030519
8971,0,00,0
8972,-1,ff,-0.015259
8973,0,00,0
8974,0,00,0
8975,0,00,0
8976,1,01,0.015259
8977,0,00,0
8978,-1,ff,-0.015259
8979,-1,ff,-0.015259
8980,-2,fe,-0.030519
8981,-1,ff,-0.015259
8982,-3,fd,-0.045778
8983,0,00,0
8984,-4,fc,-0.061037
8985,-3,fd,-0.045778
8986,-2,fe,-0.030519
8987,-4,fc,-0.061037
8988,-3,fd,-0.045778
8989,-3,fd,-0.045778
8990,-3,fd,-0.045778
8991,-1,ff,-0.015259
8992,-2,fe,-0.030519
8993,-1,ff,-0.015259
8994,0,00,0
8995,1,01,0.015259
8996,3,03,0.045778
8997,2,02,0.030519
8998,8,08,0.122074
8999,7,07,0.106815
9000,6,06,0.091556
9001,6,06,0.091556
9002,0,00,0
9003,-3,fd,-0.045778
9004,-9,f7,-0.137333
9005,-15,f1,-0.228889
9006,-19,ed,-0.289926
9007,-21,eb,-0.320444
9008,-19,ed,-0.289926
9009,-14,f2,-0.21363
9010,-7,f9,-0.106815
9011,0,00,0
9012,3,03,0.045778
9013,9,09,0.137333
9014,11,0b,0.167852
9015,7,07,0.106815
9016,8,08,0.122074
9017,5,05,0.076296
9018,4,04,0.061037
9019,1,01,0.015259
9020,1,01,0.015259
9021,1,01,0.015259
9022,0,00,0
9023,-1,ff,-0.015259
9024,-2,fe,-0.030519
9025,-2,fe,-0.030519
9026,-1,ff,-0.015259
9027,-3,fd,-0.045778
9028,0,00,0
9029,-2,fe,-0.030519
9030,-2,fe,-0.030519
9031,-1,ff,-0.015259
9032,-2,fe,-0.030519
9033,-3,fd,-0.045778
9034,-3,fd,-0.045778
9035,-2,fe,-0.030519
9036,0,00,0
9037,-1,ff,-0.015259
9038,0,00,0
9039,0,00,0
9040,0,00,0
9041,0,00,0
9042,0,00,0
9043,2,02,0.030519
9044,-1,ff,-0.015259
9045,-1,ff,-0.015259
9046,0,00,0
9047,-1,ff,-0.015259
9048,-1,ff,-0.015259
9049,-2,fe,-0.030519
9050,-2,fe,-0.030519
9051,-1,ff,-0.015259
9052,-3,fd,-0.045778
9053,-3,fd,-0.045778
9054,-3,fd,-0.045778
9055,-3,fd,-0.045778
9056,-1,ff,-0.015259
9057,-3,fd,-0.045778
9058,-1,ff,-0.015259
9059,-3,fd,-0.045778
9060,-4,fc,-0.061037
9061,-3,fd,-0.045778
9062,-4,fc,-0.061037
9063,-4,fc,-0.061037
9064,-4,fc,-0.061037
9065,-4,fc,-0.061037
9066,-2,fe,-0.030519
9067,-4,fc,-0.061037
9068,-4,fc,-0.061037
9069,-4,fc,-0.061037
9070,-3,fd,-0.045778
9071,-1,ff,-0.015259
9072,-2,fe,-0.030519
9073,0,00,0
9074,1,01,0.015259
9075,-2,fe,-0.030519
9076,0,00,0
9077,-1,ff,-0.015259
9078,-1,ff,-0.015259
9079,-1,ff,-0.015259
9080,0,00,0
9081,1,01,0.015259
9082,0,00,0
9083,0,00,0
9084,0,00,0
9085,0,00,0
9086,1,01,0.015259
9087,0,00,0
9088,1,01,0.015259
9089,-2,fe,-0.030519
9090,-1,ff,-0.015259
9091,0,00,0
9092,-1,ff,-0.015259
9093,-1,ff,-0.015259
9094,-1,ff,-0.015259
9095,0,00,0
9096,0,00,0
9097,-1,ff,-0.015259
9098,-1,ff,-0.015259
9099,-1,ff,-0.015259
9100,-1,ff,-0.015259
9101,0,00,0
9102,-2,fe,-0.030519
9103,0,00,0
9104,0,00,0
9105,-2,fe,-0.030519
9106,0,00,0
9107,-1,ff,-0.015259
9108,-2,fe,-0.030519
9109,-3,fd,-0.045778
9110,-2,fe,-0.030519
9111,0,00,0
9112,-1,ff,-0.015259
9113,-1,ff,-0.015259
9114,-1,ff,-0.015259
9115,-1,ff,-0.015259
9116,0,00,0
9117,-1,ff,-0.015259
9118,1,01,0.015259
9119,0,00,0
9120,-3,fd,-0.045778
9121,-1,ff,-0.015259
9122,-3,fd,-0.045778
9123,-3,fd,-0.045778
9124,-3,fd,-0.045778
9125,-2,fe,-0.030519
9126,0,00,0
9127,-1,ff,-0.015259
9128,-1,ff,-0.015259
9129,-2,fe,-0.030519
9130,-1,ff,-0.015259
9131,0,00,0
9132,-1,ff,-0.015259
9133,1,01,0.015259
9134,-2,fe,-0.030519
9135,-2,fe,-0.030519
9136,0,00,0
9137,-2,fe,-0.030519
9138,-1,ff,-0.015259
9139,-2,fe,-0.030519
9140,-1,ff,-0.015259
9141,0,00,0
9142,-1,ff,-0.015259
9143,-2,fe,-0.030519
9144,-3,fd,-0.045778
9145,-3,fd,-0.045778
9146,-2,fe,-0.030519
9147,-4,fc,-0.061037
9148,-1,ff,-0.015259
9149,-5,fb,-0.076296
9150,-5,fb,-0.076296
9151,-3,fd,-0.045778
9152,-4,fc,-0.061037
9153,-3,fd,-0.045778
9154,-2,fe,-0.030519
9155,-1,ff,-0.015259
9156,0,00,0
9157,0,00,0
9158,0,00,0
9159,0,00,0
9160,0,00,0
9161,1,01,0.015259
9162,0,00,0
9163,2,02,0.030519
9164,0,00,0
9165,3,03,0.045778
9166,7,07,0.106815
9167,7,07,0.106815
9168,6,06,0.091556
9169,3,03,0.045778
9170,0,00,0
9171,-4,fc,-0.061037
9172,-12,f4,-0.183111
9173,-18,ee,-0.274667
9174,-21,eb,-0.320444
9175,-21,eb,-0.320444
9176,-15,f1,-0.228889
9177,-11,f5,-0.167852
9178,-1,ff,-0.015259
9179,0,00,0
9180,3,03,0.045778
9181,7,07,0.106815
9182,6,06,0.091556
9183,6,06,0.091556
9184,5,05,0.076296
9185,4,04,0.061037
9186,4,04,0.061037
9187,1,01,0.015259
9188,0,00,0
9189,0,00,0
9190,-1,ff,-0.015259
9191,0,00,0
9192,-1,ff,-0.015259
9193,1,01,0.015259
9194,1,01,0.015259
9195,-2,fe,-0.030519
9196,-1,ff,-0.015259
9197,-2,fe,-0.030519
9198,-2,fe,-0.030519
9199,-2,fe,-0.030519
9200,-2,fe,-0.030519
9201,-1,ff,-0.015259
9202,-2,fe,-0.030519
9203,-1,ff,-0.015259
9204,-1,ff,-0.015259
9205,-1,ff,-0.015259
9206,0,00,0
9207,0,00,0
9208,2,02,0.030519
9209,0,00,0
9210,0,00,0
9211,0,00,0
9212,0,00,0
9213,0,00,0
9214,-1,ff,-0.015259
9215,-2,fe,-0.030519
9216,-1,ff,-0.015259
9217,-2,fe,-0.030519
9218,-1,ff,-0.015259
9219,-1,ff,-0.015259
9220,-2,fe,-0.030519
9221,-2,fe,-0.030519
9222,-4,fc,-0.061037
9223,-1,ff,-0.015259
9224,-4,fc,-0.061037
9225,-4,fc,-0.061037
9226,-2,fe,-0.030519
9227,-4,fc,-0.061037
9228,-4,fc,-0.061037
9229,-4,fc,-0.061037
9230,-5,fb,-0.076296
9231,-3,fd,-0.045778
9232,-4,fc,-0.061037
9233,-3,fd,-0.045778
9234,-3,fd,-0.045778
9235,-4,fc,-0.061037
9236,-2,fe,-0.030519
9237,-4,fc,-0.061037
9238,-1,ff,-0.015259
9239,-3,fd,-0.045778
9240,-3,fd,-0.045778
9241,-1,ff,-0.015259
9242,-1,ff,-0.015259
9243,0,00,0
9244,0,00,0
9245,0,00,0
9246,1,01,0.015259
9247,0,00,0
9248,0,00,0
9249,0,00,0
9250,-1,ff,-0.015259
9251,0,00,0
9252,0,00,0
9253,2,02,0.030519
9254,2,02,0.030519
9255,-1,ff,-0.015259
9256,0,00,0
9257,-1,ff,-0.015259
9258,-1,ff,-0.015259
9259,-1,ff,-0.015259
9260,-1,ff,-0.015259
9261,0,00,0
9262,-1,ff,-0.015259
9263,0,00,0
9264,0,00,0
9265,-1,ff,-0.015259
9266,0,00,0
9267,-1,ff,-0.015259
9268,1,01,0.015259
9269,-1,ff,-0.015259
9270,-1,ff,-0.015259
9271,0,00,0
9272,-2,fe,-0.030519
9273,-1,ff,-0.015259
9274,-2,fe,-0.030519
9275,-2,fe,-0.030519
9276,-1,ff,-0.015259
9277,-2,fe,-0.030519
9278,-1,ff,-0.015259
9279,-1,ff,-0.015259
9280,-1,ff,-0.015259
9281,0,00,0
9282,-1,ff,-0.015259
9283,0,00,0
9284,-2,fe,-0.030519
9285,-2,fe,-0.030519
9286,0,00,0
9287,-1,ff,-0.015259
9288,-1,ff,-0.015259
9289,-1,ff,-0.015259
9290,-1,ff,-0.015259
9291,0,00,0
9292,-1,ff,-0.015259
9293,-1,ff,-0.015259
9294,-2,fe,-0.030519
9295,-2,fe,-0.030519
9296,-1,ff,-0.015259
9297,-2,fe,-0.030519
9298,1,01,0.015259
9299,-1,ff,-0.015259
9300,-1,ff,-0.015259
9301,0,00,0
9302,-1,ff,-0.015259
9303,-1,ff,-0.015259
9304,-2,fe,-0.030519
9305,-2,fe,-0.030519
9306,0,00,0
9307,-1,ff,-0.015259
9308,0,00,0
9309,-1,ff,-0.015259
9310,-2,fe,-0.030519
9311,-1,ff,-0.015259
9312,-3,fd,-0.045778
9313,0,00,0
9314,-3,fd,-0.045778
9315,-4,fc,-0.061037
9316,-2,fe,-0.030519
9317,-3,fd,-0.045778
9318,-2,fe,-0.030519
9319,-2,fe,-0.030519
9320,-2,fe,-0.030519
9321,0,00,0
9322,0,00,0
9323,0,00,0
9324,-1,ff,-0.015259
9325,-1,ff,-0.015259
9326,0,00,0
9327,-1,ff,-0.015259
9328,2,02,0.030519
9329,0,00,0
9330,0,00,0
9331,2,02,0.030519
9332,3,03,0.045778
9333,6,06,0.091556
9334,7,07,0.106815
9335,6,06,0.091556
9336,5,05,0.076296
9337,0,00,0
9338,-5,fb,-0.076296
9339,-11,f5,-0.167852
9340,-18,ee,-0.274667
9341,-21,eb,-0.320444
9342,-21,eb,-0.320444
9343,-15,f1,-0.228889
9344,-11,f5,-0.167852
9345,-5,fb,-0.076296
9346,1,01,0.015259
9347,4,04,0.061037
9348,6,06,0.091556
9349,7,07,0.106815
9350,6,06,0.091556
9351,7,07,0.106815
9352,4,04,0.061037
9353,3,03,0.045778
9354,1,01,0.015259
9355,0,00,0
9356,0,00,0
9357,-1,ff,-0.015259
9358,1,01,0.015259
9359,0,00,0
9360,-2,fe,-0.030519
9361,-1,ff,-0.015259
9362,-2,fe,-0.030519
9363,-2,fe,-0.030519
9364,-2,fe,-0.030519
9365,-2,fe,-0.030519
9366,0,00,0
9367,-2,fe,-0.030519
9368,-2,fe,-0.030519
9369,-2,fe,-0.030519
9370,-1,ff,-0.015259
9371,0,00,0
9372,-1,ff,-0.015259
9373,1,01,0.015259
9374,-1,ff,-0.015259
9375,-1,ff,-0.015259
9376,0,00,0
9377,-1,ff,-0.015259
9378,0,00,0
9379,0,00,0
9380,0,00,0
9381,1,01,0.015259
9382,0,00,0
9383,-1,ff,-0.015259
9384,-2,fe,-0.030519
9385,-3,fd,-0.045778
9386,-2,fe,-0.030519
9387,-4,fc,-0.061037
9388,-1,ff,-0.015259
9389,-1,ff,-0.015259
9390,-4,fc,-0.061037
9391,-3,fd,-0.045778
9392,-5,fb,-0.076296
9393,-5,fb,-0.076296
9394,-5,fb,-0.076296
9395,-5,fb,-0.076296
9396,-3,fd,-0.045778
9397,-4,fc,-0.061037
9398,-4,fc,-0.061037
9399,-4,fc,-0.061037
9400,-4,fc,-0.061037
9401,-2,fe,-0.030519
9402,-3,fd,-0.045778
9403,0,00,0
9404,-3,fd,-0.045778
9405,-3,fd,-0.045778
9406,-1,ff,-0.015259
9407,-2,fe,-0.030519
9408,-2,fe,-0.030519
9409,-2,fe,-0.030519
9410,-2,fe,-0.030519
9411,0,00,0
9412,0,00,0
9413,0,00,0
9414,0,00,0
9415,0,00,0
9416,1,01,0.015259
9417,0,00,0
9418,2,02,0.030519
9419,-1,ff,-0.015259
9420,-1,ff,-0.015259
9421,0,00,0
9422,-1,ff,-0.015259
9423,-1,ff,-0.015259
9424,-1,ff,-0.015259
9425,-1,ff,-0.015259
9426,0,00,0
9427,-1,ff,-0.015259
9428,-1,ff,-0.015259
9429,-1,ff,-0.015259
9430,-2,fe,-0.030519
9431,0,00,0
9432,-2,fe,-0.030519
9433,0,00,0
9434,-2,fe,-0.030519
9435,-3,fd,-0.045778
9436,-2,fe,-0.030519
9437,-3,fd,-0.045778
9438,-2,fe,-0.030519
9439,-2,fe,-0.030519
9440,-1,ff,-0.015259
9441,0,00,0
9442,-1,ff,-0.015259
9443,0,00,0
9444,-1,ff,-0.015259
9445,-1,ff,-0.015259
9446,0,00,0
9447,-2,fe,-0.030519
9448,0,00,0
9449,-3,fd,-0.045778
9450,-2,fe,-0.030519
9451,0,00,0
9452,-2,fe,-0.030519
9453,-1,ff,-0.015259
9454,-1,ff,-0.015259
9455,-1,ff,-0.015259
9456,0,00,0
9457,-1,ff,-0.015259
9458,-1,ff,-0.015259
9459,-2,fe,-0.030519
9460,-2,fe,-0.030519
9461,-1,ff,-0.015259
9462,-2,fe,-0.030519
9463,1,01,0.015259
9464,-1,ff,-0.015259
9465,-1,ff,-0.015259
9466,-1,ff,-0.015259
9467,-2,fe,-0.030519
9468,-2,fe,-0.030519
9469,-1,ff,-0.015259
9470,-1,ff,-0.015259
9471,0,00,0
9472,0,00,0
9473,0,00,0
9474,-1,ff,-0.015259
9475,-2,fe,-0.030519
9476,-1,ff,-0.015259
9477,-4,fc,-0.061037
9478,-1,ff,-0.015259
9479,-4,fc,-0.061037
9480,-4,fc,-0.061037
9481,-2,fe,-0.030519
9482,-3,fd,-0.045778
9483,-3,fd,-0.045778
9484,-3,fd,-0.045778
9485,-3,fd,-0.045778
9486,-1,ff,-0.015259
9487,-2,fe,-0.030519
9488,-1,ff,-0.015259
9489,-1,ff,-0.015259
9490,-1,ff,-0.015259
9491,0,00,0
9492,0,00,0
9493,2,02,0.030519
9494,0,00,0
9495,1,01,0.015259
9496,4,04,0.061037
9497,5,05,0.076296
9498,6,06,0.091556
9499,6,06,0.091556
9500,4,04,0.061037
9501,2,02,0.030519
9502,-3,fd,-0.045778
9503,-10,f6,-0.152593
9504,-17,ef,-0.259407
9505,-21,eb,-0.320444
9506,-19,ed,-0.289926
9507,-17,ef,-0.259407
9508,-8,f8,-0.122074
9509,-5,fb,-0.076296
9510,0,00,0
9511,5,05,0.076296
9512,6,06,0.091556
9513,7,07,0.106815
9514,7,07,0.106815
9515,6,06,0.091556
9516,5,05,0.076296
9517,2,02,0.030519
9518,1,01,0.015259
9519,1,01,0.015259
9520,0,00,0
9521,0,00,0
9522,-1,ff,-0.015259
9523,0,00,0
9524,0,00,0
9525,-2,fe,-0.030519
9526,-1,ff,-0.015259
9527,-2,fe,-0.030519
9528,-1,ff,-0.015259
9529,-1,ff,-0.015259
9530,-1,ff,-0.015259
9531,0,00,0
9532,-2,fe,-0.030519
9533,-1,ff,-0.015259
9534,-2,fe,-0.030519
9535,-2,fe,-0.030519
9536,0,00,0
9537,-2,fe,-0.030519
9538,0,00,0
9539,-1,ff,-0.015259
9540,0,00,0
9541,1,01,0.015259
9542,0,00,0
9543,0,00,0
9544,-1,ff,-0.015259
9545,-1,ff,-0.015259
9546,0,00,0
9547,-1,ff,-0.015259
9548,-2,fe,-0.030519
9549,-2,fe,-0.030519
9550,-3,fd,-0.045778
9551,-2,fe,-0.030519
9552,-4,fc,-0.061037
9553,-1,ff,-0.015259
9554,-4,fc,-0.061037
9555,-4,fc,-0.061037
9556,-3,fd,-0.045778
9557,-5,fb,-0.076296
9558,-6,fa,-0.091556
9559,-6,fa,-0.091556
9560,-7,f9,-0.106815
9561,-6,fa,-0.091556
9562,-8,f8,-0.122074
9563,-9,f7,-0.137333
9564,-8,f8,-0.122074
9565,-7,f9,-0.106815
9566,-4,fc,-0.061037
9567,-4,fc,-0.061037
9568,0,00,0
9569,-1,ff,-0.015259
9570,0,00,0
9571,0,00,0
9572,0,00,0
9573,0,00,0
9574,0,00,0
9575,0,00,0
9576,2,02,0.030519
9577,1,01,0.015259
9578,1,01,0.015259
9579,1,01,0.015259
9580,1,01,0.015259
9581,3,03,0.045778
9582,1,01,0.015259
9583,3,03,0.045778
9584,3,03,0.045778
9585,0,00,0
9586,1,01,0.015259
9587,-1,ff,-0.015259
9588,-1,ff,-0.015259
9589,-1,ff,-0.015259
9590,-1,ff,-0.015259
9591,0,00,0
9592,-1,ff,-0.015259
9593,-1,ff,-0.015259
9594,-1,ff,-0.015259
9595,-2,fe,-0.030519
9596,0,00,0
9597,-2,fe,-0.030519
9598,1,01,0.015259
9599,-1,ff,-0.015259
9600,-1,ff,-0.015259
9601,0,00,0
9602,-1,ff,-0.015259
9603,-1,ff,-0.015259
9604,-2,fe,-0.030519
9605,-2,fe,-0.030519
9606,0,00,0
9607,-2,fe,-0.030519
9608,-2,fe,-0.030519
9609,-2,fe,-0.030519
9610,-2,fe,-0.030519
9611,0,00,0
9612,-2,fe,-0.030519
9613,0,00,0
9614,-2,fe,-0.030519
9615,-1,ff,-0.015259
9616,0,00,0
9617,-1,ff,-0.015259
9618,-1,ff,-0.015259
9619,-2,fe,-0.030519
9620,-1,ff,-0.015259
9621,0,00,0
9622,-1,ff,-0.015259
9623,-2,fe,-0.030519
9624,-2,fe,-0.030519
9625,-2,fe,-0.030519
9626,0,00,0
9627,-2,fe,-0.030519
9628,0,00,0
9629,-2,fe,-0.030519
9630,-1,ff,-0.015259
9631,0,00,0
9632,-1,ff,-0.015259
9633,-1,ff,-0.015259
9634,-1,ff,-0.015259
9635,-1,ff,-0.015259
9636,0,00,0
9637,-2,fe,-0.030519
9638,-3,fd,-0.045778
9639,-3,fd,-0.045778
9640,-3,fd,-0.045778
9641,-1,ff,-0.015259
9642,-2,fe,-0.030519
9643,0,00,0
9644,-2,fe,-0.030519
9645,-1,ff,-0.015259
9646,0,00,0
9647,-1,ff,-0.015259
9648,-1,ff,-0.015259
9649,-1,ff,-0.015259
9650,-1,ff,-0.015259
9651,0,00,0
9652,0,00,0
9653,0,00,0
9654,0,00,0
9655,0,00,0
9656,2,02,0.030519
9657,2,02,0.030519
9658,7,07,0.106815
9659,6,06,0.091556
9660,5,05,0.076296
9661,4,04,0.061037
9662,0,00,0
9663,-4,fc,-0.061037
9664,-10,f6,-0.152593
9665,-17,ef,-0.259407
9666,-19,ed,-0.289926
9667,-20,ec,-0.305185
9668,-17,ef,-0.259407
9669,-12,f4,-0.183111
9670,-5,fb,-0.076296
9671,1,01,0.015259
9672,3,03,0.045778
9673,8,08,0.122074
9674,9,09,0.137333
9675,5,05,0.076296
9676,6,06,0.091556
9677,3,03,0.045778
9678,1,01,0.015259
9679,0,00,0
9680,0,00,0
9681,0,00,0
9682,-1,ff,-0.015259
9683,-1,ff,-0.015259
9684,-2,fe,-0.030519
9685,-1,ff,-0.015259
9686,0,00,0
9687,-2,fe,-0.030519
9688,0,00,0
9689,0,00,0
9690,-2,fe,-0.030519
9691,0,00,0
9692,-1,ff,-0.015259
9693,-2,fe,-0.030519
9694,-2,fe,-0.030519
9695,-1,ff,-0.015259
9696,0,00,0
9697,-2,fe,-0.030519
9698,-2,fe,-0.030519
9699,-2,fe,-0.030519
9700,-1,ff,-0.015259
9701,0,00,0
9702,0,00,0
9703,1,01,0.015259
9704,-1,ff,-0.015259
9705,-1,ff,-0.015259
9706,0,00,0
9707,0,00,0
9708,-1,ff,-0.015259
9709,-2,fe,-0.030519
9710,-2,fe,-0.030519
9711,0,00,0
9712,-2,fe,-0.030519
9713,-3,fd,-0.045778
9714,-4,fc,-0.061037
9715,-4,fc,-0.061037
9716,-3,fd,-0.045778
9717,-4,fc,-0.061037
9718,-1,ff,-0.015259
9719,-4,fc,-0.061037
9720,-4,fc,-0.061037
9721,-2,fe,-0.030519
9722,-4,fc,-0.061037
9723,-5,fb,-0.076296
9724,-5,fb,-0.076296
9725,-5,fb,-0.076296
9726,-3,fd,-0.045778
9727,-4,fc,-0.061037
9728,-4,fc,-0.061037
9729,-3,fd,-0.045778
9730,-1,ff,-0.015259
9731,0,00,0
9732,-2,fe,-0.030519
9733,0,00,0
9734,-3,fd,-0.045778
9735,-2,fe,-0.030519
9736,0,00,0
9737,-1,ff,-0.015259
9738,0,00,0
9739,0,00,0
9740,0,00,0
9741,1,01,0.015259
9742,0,00,0
9743,0,00,0
9744,-1,ff,-0.015259
9745,-1,ff,-0.015259
9746,0,00,0
9747,-1,ff,-0.015259
9748,1,01,0.015259
9749,2,02,0.030519
9750,0,00,0
9751,1,01,0.015259
9752,-1,ff,-0.015259
9753,-1,ff,-0.015259
9754,-1,ff,-0.015259
9755,0,00,0
9756,1,01,0.015259
9757,0,00,0
9758,-1,ff,-0.015259
9759,-1,ff,-0.015259
9760,-1,ff,-0.015259
9761,0,00,0
9762,-1,ff,-0.015259
9763,0,00,0
9764,-2,fe,-0.030519
9765,-2,fe,-0.030519
9766,0,00,0
9767,-2,fe,-0.030519
9768,-2,fe,-0.030519
9769,-2,fe,-0.030519
9770,-2,fe,-0.030519
9771,0,00,0
9772,-2,fe,-0.030519
9773,-3,fd,-0.045778
9774,-3,fd,-0.045778
9775,-2,fe,-0.030519
9776,0,00,0
9777,-1,ff,-0.015259
9778,0,00,0
9779,-1,ff,-0.015259
9780,-2,fe,-0.030519
9781,0,00,0
9782,-2,fe,-0.030519
9783,-3,fd,-0.045778
9784,-2,fe,-0.030519
9785,-2,fe,-0.030519
9786,0,00,0
9787,-1,ff,-0.015259
9788,-1,ff,-0.015259
9789,-1,ff,-0.015259
9790,-1,ff,-0.015259
9791,1,01,0.015259
9792,0,00,0
9793,1,01,0.015259
9794,-1,ff,-0.015259
9795,-2,fe,-0.030519
9796,0,00,0
9797,-2,fe,-0.030519
9798,-3,fd,-0.045778
9799,-3,fd,-0.045778
9800,-3,fd,-0.045778
9801,-1,ff,-0.015259
9802,-3,fd,-0.045778
9803,-3,fd,-0.045778
9804,-3,fd,-0.045778
9805,-3,fd,-0.045778
9806,-1,ff,-0.015259
9807,-2,fe,-0.030519
9808,0,00,0
9809,-1,ff,-0.015259
9810,-1,ff,-0.015259
9811,0,00,0
9812,0,00,0
9813,0,00,0
9814,0,00,0
9815,0,00,0
9816,2,02,0.030519
9817,0,00,0
9818,0,00,0
9819,1,01,0.015259
9820,3,03,0.045778
9821,7,07,0.106815
9822,6,06,0.091556
9823,6,06,0.091556
9824,3,03,0.045778
9825,-4,fc,-0.061037
9826,-8,f8,-0.122074
9827,-16,f0,-0.244148
9828,-21,eb,-0.320444
9829,-22,ea,-0.335704
9830,-19,ed,-0.289926
9831,-12,f4,-0.183111
9832,-7,f9,-0.106815
9833,-2,fe,-0.030519
9834,2,02,0.030519
9835,4,04,0.061037
9836,8,08,0.122074
9837,7,07,0.106815
9838,9,09,0.137333
9839,5,05,0.076296
9840,3,03,0.045778
9841,4,04,0.061037
9842,1,01,0.015259
9843,0,00,0
9844,0,00,0
9845,-1,ff,-0.015259
9846,0,00,0
9847,-1,ff,-0.015259
9848,-2,fe,-0.030519
9849,-2,fe,-0.030519
9850,-2,fe,-0.030519
9851,0,00,0
9852,-2,fe,-0.030519
9853,0,00,0
9854,-3,fd,-0.045778
9855,-3,fd,-0.045778
9856,-1,ff,-0.015259
9857,-3,fd,-0.045778
9858,-3,fd,-0.045778
9859,-2,fe,-0.030519
9860,-1,ff,-0.015259
9861,0,00,0
9862,0,00,0
9863,-1,ff,-0.015259
9864,-1,ff,-0.015259
9865,-1,ff,-0.015259
9866,0,00,0
9867,0,00,0
9868,1,01,0.015259
9869,-1,ff,-0.015259
9870,-1,ff,-0.015259
9871,0,00,0
9872,-1,ff,-0.015259
9873,-1,ff,-0.015259
9874,-1,ff,-0.015259
9875,-2,fe,-0.030519
9876,-2,fe,-0.030519
9877,-4,fc,-0.061037
9878,-4,fc,-0.061037
9879,-4,fc,-0.061037
9880,-4,fc,-0.061037
9881,-3,fd,-0.045778
9882,-5,fb,-0.076296
9883,-3,fd,-0.045778
9884,-5,fb,-0.076296
9885,-5,fb,-0.076296
9886,-3,fd,-0.045778
9887,-4,fc,-0.061037
9888,-4,fc,-0.061037
9889,-3,fd,-0.045778
9890,-4,fc,-0.061037
9891,-2,fe,-0.030519
9892,-3,fd,-0.045778
9893,-3,fd,-0.045778
9894,-2,fe,-0.030519
9895,-2,fe,-0.030519
9896,0,00,0
9897,-1,ff,-0.015259
9898,0,00,0
9899,-1,ff,-0.015259
9900,0,00,0
9901,1,01,0.015259
9902,0,00,0
9903,0,00,0
9904,0,00,0
9905,0,00,0
9906,1,01,0.015259
9907,0,00,0
9908,-1,ff,-0.015259
9909,0,00,0
9910,0,00,0
9911,0,00,0
9912,0,00,0
9913,1,01,0.015259
9914,1,01,0.015259
9915,-2,fe,-0.030519
9916,0,00,0
9917,-2,fe,-0.030519
9918,-3,fd,-0.045778
9919,-2,fe,-0.030519
9920,-1,ff,-0.015259
9921,0,00,0
9922,-1,ff,-0.015259
9923,-2,fe,-0.030519
9924,-2,fe,-0.030519
9925,-2,fe,-0.030519
9926,0,00,0
9927,-2,fe,-0.030519
9928,0,00,0
9929,-1,ff,-0.015259
9930,-1,ff,-0.015259
9931,0,00,0
9932,-1,ff,-0.015259
9933,-2,fe,-0.030519
9934,-2,fe,-0.030519
9935,-2,fe,-0.030519
9936,0,00,0
9937,-2,fe,-0.030519
9938,-2,fe,-0.030519
9939,-1,ff,-0.015259
9940,-1,ff,-0.015259
9941,0,00,0
9942,-1,ff,-0.015259
9943,0,00,0
9944,-2,fe,-0.030519
9945,-2,fe,-0.030519
9946,0,00,0
9947,-2,fe,-0.030519
9948,-2,fe,-0.030519
9949,-2,fe,-0.030519
9950,-2,fe,-0.030519
9951,0,00,0
9952,-1,ff,-0.015259
9953,-1,ff,-0.015259
9954,-1,ff,-0.015259
9955,-1,ff,-0.015259
9956,0,00,0
9957,-1,ff,-0.015259
9958,0,00,0
9959,-1,ff,-0.015259
9960,-1,ff,-0.015259
9961,0,00,0
9962,-1,ff,-0.015259
9963,-2,fe,-0.030519
9964,-3,fd,-0.045778
9965,-3,fd,-0.045778
9966,-2,fe,-0.030519
9967,-3,fd,-0.045778
9968,-3,fd,-0.045778
9969,-3,fd,-0.045778
9970,-2,fe,-0.030519
9971,-1,ff,-0.015259
9972,-2,fe,-0.030519
9973,0,00,0
9974,-2,fe,-0.030519
9975,-1,ff,-0.015259
9976,0,00,0
9977,-1,ff,-0.015259
9978,-1,ff,-0.015259
9979,-1,ff,-0.015259
9980,-1,ff,-0.015259
9981,0,00,0
9982,0,00,0
9983,0,00,0
9984,2,02,0.030519
9985,4,04,0.061037
9986,8,08,0.122074
9987,8,08,0.122074
9988,9,09,0.137333
9989,6,06,0.091556
9990,-2,fe,-0.030519
9991,-7,f9,-0.106815
9992,-15,f1,-0.228889
9993,-21,eb,-0.320444
9994,-22,ea,-0.335704
9995,-19,ed,-0.289926
9996,-12,f4,-0.183111
9997,-7,f9,-0.106815
9998,-1,ff,-0.015259
9999,4,04,0.061037
